Link,,Map,Mod,Suggested pp value,Best pp value,Difference
https://osu.ppy.sh/beatmapsets/2039523#fruits/4254301,,Rings of Saturn - Songs Compilation (fuhie) [Nise Matati Kisitti Qatiya],NM,1900,,-1900
https://osu.ppy.sh/beatmapsets/1970965#fruits/4238479,,Winterhorde - Worms of Soul (Secre) [Terminus],NM,1830,,-1830
https://osu.ppy.sh/beatmapsets/2098441#fruits/4401651,,trung-nova - Roars of V.E.N.G.E.A.N.C.E -Take Back Everything- (Jemzuu) [Jemzuu vs. Rustyy's Final R.E.T.R.I.B.U.T.I.O.N],NM,1790,,-1790
https://osu.ppy.sh/beatmapsets/2145887#fruits/4519918,,Aoi - King Atlantis (Rocma) [Brine],NM,1740,,-1740
https://osu.ppy.sh/beatmapsets/2384844#fruits/5156881,,DragonForce - Valley of the Damned (CTBWhiteCat) [Apocalypse],DT,1725,,-1725
https://osu.ppy.sh/beatmapsets/2062422#fruits/4312721,,Camellia - Parallel Universe Shifter (Rocma) [3rd parallel universe],NM,1700,,-1700
https://osu.ppy.sh/beatmapsets/2129862#fruits/4478662,,Laur - Viyella's Nightmare (Razor Sharp) [Lucid Reverie],NM,1700,,-1700
https://osu.ppy.sh/beatmapsets/1533028#fruits/3135149,,Camellia - Flamewall (Sotarks) [ETERNAL SACRED FIRE],NM,1700,,-1700
https://osu.ppy.sh/beatmapsets/944317#fruits/1972148,,Chroma - I (Ascendance) [SINNOH'S HEAVENLY],DT,1675,,-1675
https://osu.ppy.sh/beatmapsets/629384#fruits/1328778,,Camellia - Towards The Horizon (Sinnoh) [Vanishing Point],DT,1670,,-1670
https://osu.ppy.sh/beatmapsets/2304147#fruits/4925326,,Toby Fox - THE WORLD REVOLVING (Camellia Remix) (Pepti) [BYE BYE!],HR,1650,,-1650
https://osu.ppy.sh/beatmapsets/2109495#fruits/4427848,,Camellia - Z:iRNiTRA (Razor Sharp) [F:iNAL PRODiGY],NM,1650,,-1650
https://osu.ppy.sh/beatmapsets/2109495#fruits/4427848,,Camellia - Z:iRNiTRA (Razor Sharp) [F:iNAL PRODiGY],NM,1650,,-1650
https://osu.ppy.sh/beatmapsets/2109495#fruits/4427848,,Camellia - Z:iRNiTRA (Razor Sharp) [F:iNAL PRODiGY],NM,1650,,-1650
https://osu.ppy.sh/beatmapsets/2109495#fruits/4427848,,Camellia - Z:iRNiTRA (Razor Sharp) [F:iNAL PRODiGY],NM,1650,,-1650
https://osu.ppy.sh/beatmapsets/1784352#fruits/3654417,,"RoughSketch feat. DD ""Nakata"" Metal - Booths of Fighters (Camellia's ""Barrage of Flurries"" Remix) (50) [The Clamorous Conundrum]",HR,1640,,-1640
https://osu.ppy.sh/beatmapsets/680437#fruits/1438740,,Black Hole - Pluto (Ascendance) [Challenge],DT,1625,,-1625
https://osu.ppy.sh/beatmapsets/680437#fruits/1438740,,Black Hole - Pluto (Ascendance) [Challenge],DT,1625,,-1625
https://osu.ppy.sh/beatmapsets/680437#fruits/1438740,,Black Hole - Pluto (Ascendance) [Challenge],DT,1625,,-1625
https://osu.ppy.sh/beatmapsets/306583#fruits/686192,,onoken - P8107 (CLSW) [Nervous Breakdown],DT,1623,,-1623
https://osu.ppy.sh/beatmapsets/1272026#fruits/2643308,,Demetori - Seijouki no Pierrot ~ The MadPiero Laughs ([ Azu- ]) [Azu & Joakh's Hoax Theory],DT,1620,,-1620
https://osu.ppy.sh/beatmapsets/1888620#fruits/3889606,,trung-nova - Howl in the Night Sky (Jemzuu) [Jemzuu vs. Rocma's BroXen XroniXle],NM,1620,,-1620
https://osu.ppy.sh/beatmapsets/1888620#fruits/3889606,,trung-nova - Howl in the Night Sky (Jemzuu) [Jemzuu vs. Rocma's BroXen XroniXle],NM,1620,,-1620
https://osu.ppy.sh/beatmapsets/1849910#fruits/3800052,,Rings of Saturn - The Heavens Have Fallen (fuhie) [Sacrilegious Lectisternium],HR,1615,,-1615
https://osu.ppy.sh/beatmapsets/2384087#fruits/5155017,,Victorius - Age of Tyranny (CTBWhiteCat) [Apocalypse],DT,1613,,-1613
https://osu.ppy.sh/beatmapsets/2011522#fruits/4185823,,kanemiko - Cold Fusion (Jemzuu) [Jemzuu vs. Zyzyx's Zenithal Synthesis],HR,1610,,-1610
https://osu.ppy.sh/beatmapsets/1183643#fruits/2510135,,BABYMETAL - Road of Resistance (-Aku) [Aku & Du5t's Revolution],DT,1605,,-1605
https://osu.ppy.sh/beatmapsets/730517#fruits/1541711,,Yooh - Dynasty -da capo- (Ascendance) [Utopia],DT,1600,,-1600
https://osu.ppy.sh/beatmapsets/286414#fruits/686374,,Camellia - dreamless wanderer (Amamiya Yuko) [Crystal's Overdose],DT,1600,,-1600
https://osu.ppy.sh/beatmapsets/2346824#fruits/5046891,,Ludicin - Lost Requiem (Jemzuu) [Dies Irae],NM,1585,,-1585
https://osu.ppy.sh/beatmapsets/2191164#fruits/4634684,,ABSOLUTE CASTAWAY - step by step (Deif) [The other side of the smile],DT,1580,,-1580
https://osu.ppy.sh/beatmapsets/1984907#fruits/4990808,,-45 - System Zero (skill issue lol) [Ciel's Demon Roulette],DT,1570,,-1570
https://osu.ppy.sh/beatmapsets/1485606#fruits/3046354,,DJ Sharpnel - WE LUV LAMA (Razor Sharp) [YOU LUV ME?],HR,1550,,-1550
https://osu.ppy.sh/beatmapsets/2301369#fruits/4921835,,katagiri - STRONG 280 (Spectator) [OVERDRIVE],NM,1540,,-1540
https://osu.ppy.sh/beatmapsets/2301369#fruits/4921835,,katagiri - STRONG 280 (Spectator) [OVERDRIVE],NM,1540,,-1540
https://osu.ppy.sh/beatmapsets/2418434#fruits/5258704,,Apocalyptica - Reign of Fear (mieldeprairie) [Resurrection],DT,1530,,-1530
https://osu.ppy.sh/beatmapsets/2202823#fruits/4662299,,Kou! - Frost Walker (Spectator) [Glacial Collab],NM,1530,,-1530
https://osu.ppy.sh/beatmapsets/2238936#fruits/4757915,,seatrus - DiSANiMATE (-Rustyy) [RUSTYY & ASCENDANCE'S FRAGMENTATION],HR,1530,,-1530
https://osu.ppy.sh/beatmapsets/2246522#fruits/4801607,,"xX_AD/HD_Xx - Neurodivergence, procrastination, and ADHD (Spectator) [ExSpecuu's Neurotherapy]",NM,1530,,-1530
https://osu.ppy.sh/beatmapsets/1933753#fruits/3995789,,Marc-Andre Hamelin - Circus Galop (Cut Ver.) (fayew) [Fortississimo],HR,1525,,-1525
https://osu.ppy.sh/beatmapsets/1943533#fruits/4020375,,Camellia - NIGHTMARE CITY (Rocma) [RUSTYY & ROCMA'S PARANOIA],NM,1516,,-1516
https://osu.ppy.sh/beatmapsets/2107464#fruits/4422807,,Camellia - The King Of Lions (Zyzyx) [IMMORTAL BEAST],HR,1515,,-1515
https://osu.ppy.sh/beatmapsets/1212452#fruits/2523668,,"Camellia - FLYING OUT TO THE SKY (covered by Nanahira, moimoi, Nana Takahashi) (Sotarks) [ENDGAME]",HR,1515,,-1515
https://osu.ppy.sh/beatmapsets/2271235#fruits/4837780,,Ludicin - Echoes of Memoria (Mochi -) [Heroes of Harmonia // Transcendental Collab],NM,1510,,-1510
https://osu.ppy.sh/beatmapsets/1698560#fruits/3470717,,ptar124 - AmbidextrouS ~The Alchemist of The Left x The Sage of The Right~ (Deif) [Double-edgeD],HR,1510,,-1510
https://osu.ppy.sh/beatmapsets/757470#fruits/1593485,,Nekomata Master feat.Joelle Strother - Infinity of Our Love (Sinnoh) [Serenity],HR,1500,,-1500
https://osu.ppy.sh/beatmapsets/1727694#osu/3530608,,Toromaru - Formless Canvas (DeviousPanda) [Virtuoso],HR,1500,,-1500
https://osu.ppy.sh/beatmapsets/1727694#osu/3530608,,Toromaru - Formless Canvas (DeviousPanda) [Virtuoso],HR,1500,,-1500
https://osu.ppy.sh/beatmapsets/1715139#fruits/3504486,,Silentroom - XHRONOXAPSULE (Jemzuu) [ROCMA'S XRONIXLE],NM,1477,,-1477
https://osu.ppy.sh/beatmapsets/2011570#fruits/4185911,,Halv vs. kuro - Evreka (Ascendance) [Chronosync],NM,1470,,-1470
https://osu.ppy.sh/beatmapsets/2007971#fruits/4176819,,Camellia - GHOUL (Du5t) [Resurgence],HR,1470,,-1470
https://osu.ppy.sh/beatmapsets/1896680#fruits/3908877,,DM DOKURO - The Devourer of Gods (Nonstop Mix) (Bunnrei) [Universal Scourge],HR,1465,,-1465
https://osu.ppy.sh/beatmapsets/2411121#fruits/5236351,,Deathsquad - Purgatory Power (Jack Frost) [WELCOME TO HELL],NM,1465,,-1465
https://osu.ppy.sh/beatmapsets/2278996#fruits/4857648,,Kaneko Chiharu - <<Re:miniscence>> (Daletto) [ROCMA'S EXCEED],NM,1463,,-1463
https://osu.ppy.sh/beatmapsets/2147976#fruits/4524617,,Camellia - Fastest Crash (Secre) [Terminus],NM,1462,,-1462
https://osu.ppy.sh/beatmapsets/285577#fruits/647716,,Yooh - MariannE (neonat) [CtB Collab],DT,1460,,-1460
https://osu.ppy.sh/beatmapsets/1151836#fruits/2453357,,Camellia feat. Nanahira - finorza (Rocma) [fin],HR,1460,,-1460
https://osu.ppy.sh/beatmapsets/2137143#fruits/4497494,,t+pazolite - chipscape (fayew) [Finale],NM,1445,,-1445
https://osu.ppy.sh/beatmapsets/2137143#fruits/4497494,,t+pazolite - chipscape (fayew) [Finale],NM,1445,,-1445
https://osu.ppy.sh/beatmapsets/1719293#fruits/3513526,,ReeK - Galaxy Collision (Jemzuu) [Jemzuu vs. Unlucky's Dyscontrolled Galaxy],HR,1435,,-1435
https://osu.ppy.sh/beatmapsets/1754419#fruits/3590299,,Yooh - RPG (Sololiquy) [Reality],HR,1435,,-1435
https://osu.ppy.sh/beatmapsets/429184#fruits/926084,,DJ Totoriott - Chronoxia (Kyuare) [Chronos],DT,1430,,-1430
https://osu.ppy.sh/beatmapsets/2333588#fruits/5151256,,UROBOROS - Black Swallowtail (DizzyOracel) [MILK's Deluge],DT,1430,,-1430
https://osu.ppy.sh/beatmapsets/2241735#fruits/4764524,,Camellia - Flamewall (Daletto) [Daletto & Rustyy's Flowers Resplendent on the Sun-Scorched Sojourn],HR,1425,,-1425
https://osu.ppy.sh/beatmapsets/28705#fruits/118068,,Yousei Teikoku - Kokou no Sousei (Saten-san) [Chaos],DT,1420,,-1420
https://osu.ppy.sh/beatmapsets/1552869#fruits/3172816,,Noah - Deadly force - Put an end (Bunnrei) [Revolt from the Abyss],HR,1415,,-1415
https://osu.ppy.sh/beatmapsets/1278683#fruits/2656352,,Ayase Rie - Hijitsuzaikei Joshitachi wa Dou Surya Ii Desu ka? (-Luminate) [Delightful],HR,1415,,-1415
https://osu.ppy.sh/beatmapsets/2011555#fruits/4185885,,UNDEAD CORPORATION - Flowering Night Fever (Deif) [Rocma & Deif's Private Vision],HR,1410,,-1410
https://osu.ppy.sh/beatmapsets/1907655#fruits/3933797,,Camellia feat. Camellia - Ashed Wings (Rocma) [Classic],HR,1403,,-1403
https://osu.ppy.sh/beatmapsets/2165226#fruits/4884624,,tn-shi - Annihilation in F# Minor (Jemzuu) [Unlucky_w's Chaotic Finale],NM,1402,,-1402
https://osu.ppy.sh/beatmapsets/2203299#fruits/4663536,,VINXIS - Sidetracked Day (Verti) [Deviated],DT,1400,,-1400
https://osu.ppy.sh/beatmapsets/2039804#fruits/4254926,,Kry.exe feat. Ice - Last Wish (-Rustyy) [Rustyy & Daletto's One Thousand Voices],HR,1400,,-1400
https://osu.ppy.sh/beatmapsets/2273300#fruits/4843091,,Mutsuhiko Izumi - Snow Goose (ZiRoX) [Secre's Terminus],HR,1400,,-1400
https://osu.ppy.sh/beatmapsets/2273300#fruits/4843091,,Mutsuhiko Izumi - Snow Goose (ZiRoX) [Secre's Terminus],HR,1400,,-1400
https://osu.ppy.sh/beatmapsets/866700#fruits/5124042,,Reol - Yakusoku no Ao (Crowley) [Unchanging Promise],HR,1400,,-1400
https://osu.ppy.sh/beatmapsets/2433439#fruits/5302684,,SHIKI - Rose Quartz (fayew) [Floral Strobe],HR,1400,,-1400
https://osu.ppy.sh/beatmapsets/2433439#fruits/5302684,,SHIKI - Rose Quartz (fayew) [Floral Strobe],HR,1400,,-1400
https://osu.ppy.sh/beatmapsets/2433439#fruits/5302684,,SHIKI - Rose Quartz (fayew) [Floral Strobe],HR,1400,,-1400
https://osu.ppy.sh/beatmapsets/542969#fruits/1150868,,#N/A,NM,1400,,-1400
https://osu.ppy.sh/beatmapsets/306012#fruits/5035509,,sHimaU - SLOTcore Is Dead (Arphimigon) [BOSS],NM,1400,,-1400
https://osu.ppy.sh/beatmapsets/2203299#fruits/4663536,,VINXIS - Sidetracked Day (Verti) [Deviated],DT,1400,,-1400
https://osu.ppy.sh/beatmapsets/1054646#fruits/2203618,,Matsushita - raspberry cube (-Luminate) [Delightful],DT,1394,,-1394
https://osu.ppy.sh/beatmapsets/2398958#fruits/5199148,,#N/A,HR,1392,,-1392
https://osu.ppy.sh/beatmapsets/1789527#fruits/3666753,,ToYou & DJ Raisei - ADHD (Jemzuu) [Rustyy & Jemzuu's Hyperactivity],HR,1391,,-1391
https://osu.ppy.sh/beatmapsets/1831275#fruits/4398494,,MisoilePunch - MixxioN (fayew) [JOAKH VS. FAYEW'S EPILOGUE],NM,1390,,-1390
https://osu.ppy.sh/beatmapsets/2004114#fruits/4167727,,lapix - You're Beautiful (Mniam) [GG Yummy Tammy's Mesmerizing Collaboration],HR,1390,,-1390
https://osu.ppy.sh/beatmapsets/2011565#fruits/4185898,,A-One feat. ayaponzu* - Justice Monster (F D Flourite) [KiRin],HR,1380,,-1380
https://osu.ppy.sh/beatmapsets/1373977#fruits/2840387,,Camellia - Nacreous Snowmelt (Rocma) [Meltdown],NM,1380,,-1380
https://osu.ppy.sh/beatmapsets/233376#fruits/541677,,marina - Towa yori Towa ni (CLSW) [Eternity],DT,1380,,-1380
https://osu.ppy.sh/beatmapsets/944317#fruits/1972150,,Chroma - I (Ascendance) [AI],HR,1380,,-1380
https://osu.ppy.sh/beatmapsets/944317#fruits/1972150,,Chroma - I (Ascendance) [AI],HR,1380,,-1380
https://osu.ppy.sh/beatmapsets/944317#fruits/1972150,,Chroma - I (Ascendance) [AI],HR,1380,,-1380
https://osu.ppy.sh/beatmapsets/1971892#fruits/4091632,,Ata - Doom Butterfly (Kyptoric) [Lost Galaxy],NM,1380,,-1380
https://osu.ppy.sh/beatmapsets/2088302#fruits/4376231,,"Camellia - {albus} (""Silver"" Long ver.) (Rocma) [Quicksilver]",NM,1380,,-1380
https://osu.ppy.sh/beatmapsets/1861290#fruits/3826863,,Morimori Atsushi - Laevateinn (Verti) [Deadly Force],HR,1380,,-1380
https://osu.ppy.sh/beatmapsets/2096973#fruits/4397737,,BlackYooh vs. siromaru - KERBEROX (Deif) [Underworld],HR,1380,,-1380
https://osu.ppy.sh/beatmapsets/1596787#fruits/3261247,,katagiri - Palace of Melancholia (Jemzuu) [Berzerk],HR,1370,,-1370
https://osu.ppy.sh/beatmapsets/1625860#fruits/3319445,,xi - Last Resort (fuhie) [Razor's CHALLENGING LEGACY: Destrudo Finale],HR,1368,,-1368
https://osu.ppy.sh/beatmapsets/2292175#fruits/4897811,,jun with Alison - SUNKiSS <3 DROP ~jun Side~ (Ascendance) [DAHCREEPER'S CHALLENGE+],HR,1365,,-1365
https://osu.ppy.sh/beatmapsets/1820815#fruits/3736233,,FLOW - Kaze no Uta (TV Size) (Secre) [Tempest],DT,1355,,-1355
https://osu.ppy.sh/beatmapsets/1508396#fruits/3089126,,DJ Myosuke & Noizenecio - Architecture (Razor Sharp) [Eternal Blueprint],HR,1350,,-1350
https://osu.ppy.sh/beatmapsets/1774562#fruits/3633671,,kanemiko - Electrolytes (Unlucky_w) [Deluge],HR,1350,,-1350
https://osu.ppy.sh/beatmapsets/2238936#fruits/4757915,,seatrus - DiSANiMATE (-Rustyy) [RUSTYY & ASCENDANCE'S FRAGMENTATION],NM,1346,,-1346
https://osu.ppy.sh/beatmapsets/2307872#fruits/4936088,,"Worm Shepherd - Winter Sun (Daletto) [""The hand behind the druids; a familiar hand cold and cruel""]",HR,1345,,-1345
https://osu.ppy.sh/beatmapsets/2395391#fruits/5188321,,celtix - Necrotopia (Spectator) [ExSpec's Afterworld],NM,1340,,-1340
https://osu.ppy.sh/beatmapsets/2136432#fruits/4495767,,Camellia - Racemization (Secre) [Terminus],NM,1340,,-1340
https://osu.ppy.sh/beatmapsets/2136432#fruits/4495767,,Camellia - Racemization (Secre) [Terminus],NM,1340,,-1340
https://osu.ppy.sh/beatmapsets/2136432#fruits/4495767,,Camellia - Racemization (Secre) [Terminus],NM,1340,,-1340
https://osu.ppy.sh/beatmapsets/601392#fruits/1566770,,nao - Towa naru Kizuna to Omoi no Kiseki (rew0825) [Miracle],DT,1338,,-1338
https://osu.ppy.sh/beatmapsets/1246989#fruits/2591954,,"Amuro vs. Killer - Mei (Camellia's ""Yomigae"" Remix) (Spectator) [Solitary Journey to Pluto]",HR,1335,,-1335
https://osu.ppy.sh/beatmapsets/1258751#fruits/2620103,,Umeboshi Chazuke - ICHIBANBOSHI*ROCKET (Jemzuu) [TASUKE'S OVERDOSE],DT,1330,,-1330
https://osu.ppy.sh/beatmapsets/812855#fruits/1704854,,Rita - dorchadas (Sinnoh) [Overdose],DT,1330,,-1330
https://osu.ppy.sh/beatmapsets/1715139#fruits/3504487,,Silentroom - XHRONOXAPSULE (Jemzuu) [XATAXLYSM],HR,1328,,-1328
https://osu.ppy.sh/beatmapsets/1715139#fruits/3504487,,Silentroom - XHRONOXAPSULE (Jemzuu) [XATAXLYSM],HR,1328,,-1328
https://osu.ppy.sh/beatmapsets/1715139#fruits/3504487,,Silentroom - XHRONOXAPSULE (Jemzuu) [XATAXLYSM],HR,1328,,-1328
https://osu.ppy.sh/beatmapsets/1715139#fruits/3504487,,Silentroom - XHRONOXAPSULE (Jemzuu) [XATAXLYSM],HR,1328,,-1328
https://osu.ppy.sh/beatmapsets/306012#fruits/2442176,,sHimaU - SLOTcore Is Dead (Arphimigon) [EIGHT],HR,1325,,-1325
https://osu.ppy.sh/beatmapsets/1709308#fruits/3492839,,"HyuN - Duplicity Shade (feat. Sennzai) (-Rustyy) [Rustyy, Verti & Jemzuu's Virtuoso]",HR,1321,,-1321
https://osu.ppy.sh/beatmapsets/2109206#fruits/4427154,,t+pazolite - Kick-ass Kung-fu Carnival (Spectator) [Overdrive],NM,1315,,-1315
https://osu.ppy.sh/beatmapsets/1634333#fruits/3335681,,Yooh - Ice Angel (Razor Sharp) [Beneath the Frozen Wastes of Jotunheim],HR,1315,,-1315
https://osu.ppy.sh/beatmapsets/1704256#fruits/3482512,,Kobaryo - Cartoon Candy (Kukkai) [Overdose],DT,1310,,-1310
https://osu.ppy.sh/beatmapsets/2141702#fruits/4507812,,"Ashrount vs. D-D-Dice - Abstruse Dilemma (""A"" + ""D"" side Extended Edit) (Razor Sharp) [Absolute End.]",NM,1310,,-1310
https://osu.ppy.sh/beatmapsets/1794214#fruits/3677233,,D-D-Dice vs. siromaru - Catch the Glory (Bunnrei) [Grand Collab],NM,1310,,-1310
https://osu.ppy.sh/beatmapsets/1212452#fruits/2523668,,"Camellia - FLYING OUT TO THE SKY (covered by Nanahira, moimoi, Nana Takahashi) (Sotarks) [ENDGAME]",NM,1310,,-1310
https://osu.ppy.sh/beatmapsets/1849910#fruits/3800052,,Rings of Saturn - The Heavens Have Fallen (fuhie) [Sacrilegious Lectisternium],NM,1310,,-1310
https://osu.ppy.sh/beatmapsets/1849910#fruits/3800052,,Rings of Saturn - The Heavens Have Fallen (fuhie) [Sacrilegious Lectisternium],NM,1310,,-1310
https://osu.ppy.sh/beatmapsets/1849910#fruits/3800052,,Rings of Saturn - The Heavens Have Fallen (fuhie) [Sacrilegious Lectisternium],NM,1310,,-1310
https://osu.ppy.sh/beatmapsets/1776945#fruits/3638975,,MY FIRST STORY - REVIVER (Secre) [RESURRECTION],DT,1305,,-1305
https://osu.ppy.sh/beatmapsets/1954194#fruits/4057951,,#N/A,NM,1300,,-1300
https://osu.ppy.sh/beatmapsets/492407#fruits/1049018,,Meramipop - Sanae-san (EvilElvis) [Behind you!],HR,1300,,-1300
https://osu.ppy.sh/beatmapsets/492407#fruits/1049018,,Meramipop - Sanae-san (EvilElvis) [Behind you!],HR,1300,,-1300
https://osu.ppy.sh/beatmapsets/1970946#fruits/4089492,,Good Kid - Slingshot (Chatie) [Overdose],EZDT,1300,,-1300
https://osu.ppy.sh/beatmapsets/2391791#fruits/5177767,,Symholic feat. Rina Komatsu - Veil of Ash (Yoshi_green) [Virulent Adoration],HR,1300,,-1300
https://osu.ppy.sh/beatmapsets/1647749#fruits/3363340,,Irreversible Mechanism - Into the Void (fuhie) [Eternal Oblivion],HR,1300,,-1300
https://osu.ppy.sh/beatmapsets/1647749#fruits/3363340,,Irreversible Mechanism - Into the Void (fuhie) [Eternal Oblivion],HR,1300,,-1300
https://osu.ppy.sh/beatmapsets/1722551#fruits/3520524,,Ata - Euphoria (Kyptoric) [Hi-Speed Fruit Super-Highway],HR,1297,,-1297
https://osu.ppy.sh/beatmapsets/2007941#fruits/4176765,,Minstrel - Heian Alien (-Ken) [Mysterious Collab],HR,1293,,-1293
https://osu.ppy.sh/beatmapsets/418826#fruits/906421,,DystopiaGround - AugoEidEs (koliron) [Freezing],DT,1290,,-1290
https://osu.ppy.sh/beatmapsets/1007778#fruits/2784277,,Sakuzyo - Fracture Ray (GiGas) [Kukkai's Overdose],DT,1290,,-1290
https://osu.ppy.sh/beatmapsets/2304147#fruits/4925326,,Toby Fox - THE WORLD REVOLVING (Camellia Remix) (Pepti) [BYE BYE!],NM,1290,,-1290
https://osu.ppy.sh/beatmapsets/2098285#fruits/4401321,,Camellia - GALAXY BURST (Zyzyx) [GALAXY COLLISION],NM,1280,,-1280
https://osu.ppy.sh/beatmapsets/2165226#fruits/4567537,,tn-shi - Annihilation in F# Minor (Jemzuu) [Finale],NM,1280,,-1280
https://osu.ppy.sh/beatmapsets/2456695#fruits/5370210,,Nanahoshi Kangengakudan - Dance Number o Tomo ni (Mochi -) [Relentless Overdrive],HR,1280,,-1280
https://osu.ppy.sh/beatmapsets/2309425#fruits/4940513,,Kry.exe feat. Ice - Last Wish (Bunnrei) [Encore],NM,1280,,-1280
https://osu.ppy.sh/beatmapsets/1960126#fruits/4061928,,Lorna Shore - Sun//Eater (Daletto) [Kyrie Eleison],HR,1280,,-1280
https://osu.ppy.sh/beatmapsets/1736560#fruits/3549142,,Camellia - TremENDouS (Bunnrei) [ResplENDencE],NM,1274,,-1274
https://osu.ppy.sh/beatmapsets/1939742#fruits/4010555,,seatrus - EXXTRA JUDGEMENT (-Rustyy) [SALVATION],HR,1267,,-1267
https://osu.ppy.sh/beatmapsets/1938940#fruits/4008332,,Lime - BEYOND (GiGas) [Go Beyond],HR,1265,,-1265
https://osu.ppy.sh/beatmapsets/1938940#fruits/4008332,,Lime - BEYOND (GiGas) [Go Beyond],HR,1265,,-1265
https://osu.ppy.sh/beatmapsets/2348097#fruits/5050970,,An - Saigo (rinkiha) [Release],HR,1265,,-1265
https://osu.ppy.sh/beatmapsets/1673971#fruits/3419551,,Ravensblood - Storms of Ages (fuhie) [Himmelsk Tidevannsstrom],NM,1263,,-1263
https://osu.ppy.sh/beatmapsets/1689443#fruits/3526148,,Kobaryo - Villain Virus [feat. Camellia] (x_angelkawaii_x) [Overdose],DT,1260,,-1260
https://osu.ppy.sh/beatmapsets/1550926#fruits/3169318,,Camellia - Kisaragi (Spectator) [Specuu's Parallel Universe],NM,1260,,-1260
https://osu.ppy.sh/beatmapsets/1301991#fruits/2726074,,Camellia - GHOST (2020 Halloween+++++++++ VIP) (Spectator) [SPECTER],HR,1260,,-1260
https://osu.ppy.sh/beatmapsets/1901630#fruits/3920360,,Aqua Timez - Velonica (TV Size) (Secre) [Resurreccion],DT,1258,,-1258
https://osu.ppy.sh/beatmapsets/1693907#fruits/3461274,,Camellia - Tera I/O (Jemzuu) [Rustyy/Jemzuu's Quantum Realm],HR,1256,,-1256
https://osu.ppy.sh/beatmapsets/1933753#fruits/3995789,,Marc-Andre Hamelin - Circus Galop (Cut Ver.) (fayew) [Fortississimo],NM,1255,,-1255
https://osu.ppy.sh/beatmapsets/2007971#fruits/4176819,,Camellia - GHOUL (Du5t) [Resurgence],NM,1255,,-1255
https://osu.ppy.sh/beatmapsets/2221973#fruits/4711033,,Akatsuki Records - WARNING x WARNING x WARNING (Mrbinking) [/!\],DT,1255,,-1255
https://osu.ppy.sh/beatmapsets/1771288#fruits/3637501,,TWICE - The Feels (Secre) [Heart Stealer],DT,1253,,-1253
https://osu.ppy.sh/beatmapsets/1637105#fruits/3341088,,Lorna Shore - To the Hellfire (Daletto) [Daletto & Du5t's Final Breath],HR,1250,,-1250
https://osu.ppy.sh/beatmapsets/1616833#fruits/3301339,,#N/A,NM,1250,,-1250
https://osu.ppy.sh/beatmapsets/2371021#fruits/5145164,,#N/A,HR,1250,,-1250
https://osu.ppy.sh/beatmapsets/2371021#fruits/5145164,,#N/A,HR,1250,,-1250
https://osu.ppy.sh/beatmapsets/2313020#fruits/4969000,,MuryokuP - Catastrophe (-Luminate) [Kukkai's Overdose],EZDT,1250,,-1250
https://osu.ppy.sh/beatmapsets/2091778#fruits/4384633,,Nanahoshi Kangengakudan feat. Hatsune Miku - No.39 (Petal) [No.01],HR,1250,,-1250
https://osu.ppy.sh/beatmapsets/2273300#fruits/4843091,,Mutsuhiko Izumi - Snow Goose (ZiRoX) [Secre's Terminus],NM,1248,,-1248
https://osu.ppy.sh/beatmapsets/2107464#fruits/4422807,,Camellia - The King Of Lions (Zyzyx) [IMMORTAL BEAST],NM,1245,,-1245
https://osu.ppy.sh/beatmapsets/2011522#fruits/4185823,,kanemiko - Cold Fusion (Jemzuu) [Jemzuu vs. Zyzyx's Zenithal Synthesis],NM,1245,,-1245
https://osu.ppy.sh/beatmapsets/1485606#fruits/3046354,,DJ Sharpnel - WE LUV LAMA (Razor Sharp) [YOU LUV ME?],NM,1245,,-1245
https://osu.ppy.sh/beatmapsets/1485606#fruits/3046354,,DJ Sharpnel - WE LUV LAMA (Razor Sharp) [YOU LUV ME?],NM,1245,,-1245
https://osu.ppy.sh/beatmapsets/1485606#fruits/3046354,,DJ Sharpnel - WE LUV LAMA (Razor Sharp) [YOU LUV ME?],NM,1245,,-1245
https://osu.ppy.sh/beatmapsets/2044450#fruits/4277706,,DJ SHARPNEL - BLUE ARMY (Sololiquy) [Sololiquy vs Zyzyx - Army of Death],HR,1242,,-1242
https://osu.ppy.sh/beatmapsets/1828947#fruits/4047708,,Neko Hacker - People People feat. Nanahira (My Angel RangE) [-Overdose Overdose-],DT,1240,,-1240
https://osu.ppy.sh/beatmapsets/1794725#fruits/3678616,,Camellia - Exit This Earth's Atomosphere (skill issue lol) [Abstracted Destiny],HR,1240,,-1240
https://osu.ppy.sh/beatmapsets/1286508#fruits/2696508,,ABSOLUTE CASTAWAY - Shinsou Shintouron (-Luminate) [Overdose],DT,1237,,-1237
https://osu.ppy.sh/beatmapsets/1151836#fruits/2453357,,Camellia feat. Nanahira - finorza (Rocma) [fin],NM,1235,,-1235
https://osu.ppy.sh/beatmapsets/1403602#fruits/2895066,,Camellia feat. Nanahira - finorza (Bunnrei) [Xronos Finalixe],NM,1232,,-1232
https://osu.ppy.sh/beatmapsets/1784352#fruits/3654417,,"RoughSketch feat. DD ""Nakata"" Metal - Booths of Fighters (Camellia's ""Barrage of Flurries"" Remix) (50) [The Clamorous Conundrum]",NM,1230,,-1230
https://osu.ppy.sh/beatmapsets/2114419#fruits/4439815,,t+pazolite - Electric Butterfly (Kukkai) [Electric Shock],HR,1230,,-1230
https://osu.ppy.sh/beatmapsets/2114419#fruits/4439815,,t+pazolite - Electric Butterfly (Kukkai) [Electric Shock],HR,1230,,-1230
https://osu.ppy.sh/beatmapsets/492407#fruits/1049018,,Meramipop - Sanae-san (EvilElvis) [Behind you!],NM,1230,,-1230
https://osu.ppy.sh/beatmapsets/1212452#fruits/2540399,,"Camellia - FLYING OUT TO THE SKY (covered by Nanahira, moimoi, Nana Takahashi) (Sotarks) [Reform's EXTREME]",HR,1230,,-1230
https://osu.ppy.sh/beatmapsets/2360606#fruits/5087687,,#N/A,NM,1225,,-1225
https://osu.ppy.sh/beatmapsets/2398893#fruits/5199031,,Ruby My Dear - Petit Poney (skill issue lol) [Ce poney n'est pas si petit que ca !],HR,1225,,-1225
https://osu.ppy.sh/beatmapsets/2398893#fruits/5199031,,Ruby My Dear - Petit Poney (skill issue lol) [Ce poney n'est pas si petit que ca !],HR,1225,,-1225
https://osu.ppy.sh/beatmapsets/2398893#fruits/5199031,,Ruby My Dear - Petit Poney (skill issue lol) [Ce poney n'est pas si petit que ca !],HR,1225,,-1225
https://osu.ppy.sh/beatmapsets/1286508#fruits/2696508,,ABSOLUTE CASTAWAY - Shinsou Shintouron (-Luminate) [Overdose],DT,1222,,-1222
https://osu.ppy.sh/beatmapsets/2143352#fruits/4512206,,BAND-MAID - Sense (TV Size) (Verti) [Deluge],DT,1220,,-1220
https://osu.ppy.sh/beatmapsets/2264181#fruits/4820086,,UROBOROS - Black Swallowtail (TV Size) (Pepti) [Six Flowers],DT,1220,,-1220
https://osu.ppy.sh/beatmapsets/1077817#fruits/4915275,,Octaferista - Sanctus Absurdus (fayew) [Requiem],NM,1220,,-1220
https://osu.ppy.sh/beatmapsets/1077817#fruits/4915275,,Octaferista - Sanctus Absurdus (fayew) [Requiem],NM,1220,,-1220
https://osu.ppy.sh/beatmapsets/1998960#fruits/4451557,,sasakure.UK - AMARA (The Great Intelligence) (Mniam) [Benita's Overdose],DT,1220,,-1220
https://osu.ppy.sh/beatmapsets/2156670#fruits/4546417,,fallen shepherd feat. RabbiTon Strings - ENDYMION (long edit) (-Aku) [Lasting Legacy],NM,1220,,-1220
https://osu.ppy.sh/beatmapsets/2156670#fruits/4546417,,fallen shepherd feat. RabbiTon Strings - ENDYMION (long edit) (-Aku) [Lasting Legacy],NM,1220,,-1220
https://osu.ppy.sh/beatmapsets/2156670#fruits/4546417,,fallen shepherd feat. RabbiTon Strings - ENDYMION (long edit) (-Aku) [Lasting Legacy],NM,1220,,-1220
https://osu.ppy.sh/beatmapsets/2239310#fruits/4758753,,UNDEAD CORPORATION - The Empress (Daletto) [Daletto & Rustyy's Ripples of 495 Years],HR,1210,,-1210
https://osu.ppy.sh/beatmapsets/1550933#fruits/3169331,,xi - Mjolnir (Jemzuu) [Leggendaria],NM,1205,,-1205
https://osu.ppy.sh/beatmapsets/1550933#fruits/3169331,,xi - Mjolnir (Jemzuu) [Leggendaria],NM,1205,,-1205
https://osu.ppy.sh/beatmapsets/2048353#fruits/4276690,,Laur - Sound Chimera (-Rustyy) [Sonokinesis],HR,1200,,-1200
https://osu.ppy.sh/beatmapsets/1258175#fruits/2615583,,CustomiZ - COOLEST (TV Size) (Ascendance) [GREAPER'S OVERDOSE],HR,1200,,-1200
https://osu.ppy.sh/beatmapsets/1258175#fruits/2615583,,CustomiZ - COOLEST (TV Size) (Ascendance) [GREAPER'S OVERDOSE],HR,1200,,-1200
https://osu.ppy.sh/beatmapsets/2243054#fruits/4767795,,YOASOBI - UNDEAD (Spectator) [Deluge],HR,1200,,-1200
https://osu.ppy.sh/beatmapsets/2243054#fruits/4767795,,YOASOBI - UNDEAD (Spectator) [Deluge],HR,1200,,-1200
https://osu.ppy.sh/beatmapsets/1516524#fruits/3104522,,#N/A,NM,1200,,-1200
 https://osu.ppy.sh/beatmapsets/2424147#fruits/5275998,,#N/A,NM,1200,,-1200
https://osu.ppy.sh/beatmapsets/1818185#fruits/3736782,,Green Day - American Idiot (Sotarks) [Reform's Expert],DT,1200,,-1200
https://osu.ppy.sh/beatmapsets/1727694#osu/3530608,,Toromaru - Formless Canvas (DeviousPanda) [Virtuoso],NM,1200,,-1200
https://osu.ppy.sh/beatmapsets/1727694#osu/3530608,,Toromaru - Formless Canvas (DeviousPanda) [Virtuoso],NM,1200,,-1200
https://osu.ppy.sh/beatmapsets/307163#fruits/687303,,TwoThirds & Feint - Epiphany (feat. Veela) (Aiceo) [Revelation],DT,1200,,-1200
https://osu.ppy.sh/beatmapsets/2195558#fruits/4685423,,Rohi - Gllensista (4rcheR-) [Verti's Deluge],EZDT,1200,,-1200
https://osu.ppy.sh/beatmapsets/151945#fruits/730865,,guna with team kyukkyu - subconsciousness (Snow Note) [KILL],DT,1200,,-1200
https://osu.ppy.sh/beatmapsets/1328918#fruits/2752885,,Kobaryo - Theme for Psychopath Justice (Razor Sharp) [Catastrophe],HR,1198,,-1198
https://osu.ppy.sh/beatmapsets/2137568#fruits/4498529,,Kokoko Hachikyu - Chocoo- (skill issue lol) [Finale],HR,1195,,-1195
https://osu.ppy.sh/beatmapsets/2253719#fruits/4793840,,Ariabl'eyeS - Kegarenaki Bara Juuji (Crowley) [Rustyy & Crowley's Rosenkreuz],HR,1195,,-1195
https://osu.ppy.sh/beatmapsets/2230743#fruits/4734221,,"Kikuo - Aishite Aishite Aishite (Mochi -) [It's painful, it hurts.]",HR,1194,,-1194
https://osu.ppy.sh/beatmapsets/2347281#fruits/5048608,,"Synestia, Disembodied Tyrant - The Poetic Edda (feat. Ben Duerr) (Daletto) [Gjallarhorn]",HR,1192,,-1192
https://osu.ppy.sh/beatmapsets/2132719#fruits/4500854,,IOSYS feat. Nanahira - Shinchoku Dou Desu ka? (My Angel RangE) [Overdose Desu Ka?],DT,1190,,-1190
https://osu.ppy.sh/beatmapsets/2398958#fruits/5199148,,#N/A,NM,1185,,-1185
https://osu.ppy.sh/beatmapsets/2165226#fruits/4567539,,tn-shi - Annihilation in F# Minor (Jemzuu) [Rocma's Divine Finale],NM,1180,,-1180
https://osu.ppy.sh/beatmapsets/1236694#fruits/2570594,,Wowkie Zhang - Yang Guang Cai Hong Xiao Bai Ma (DeRandom Otaku) [Chromatic],DT,1180,,-1180
https://osu.ppy.sh/beatmapsets/1498429#fruits/3071051,,"Fear, and Loathing in Las Vegas - Just Awake (TV Size) (Secre) [Terpsichora]",DT,1175,,-1175
https://osu.ppy.sh/beatmapsets/2238899#fruits/4757748,,DragonForce - Fallen World (Ascendance) [Endless Battle for the Remnants of Our World],HR,1170,,-1170
https://osu.ppy.sh/beatmapsets/1625860#fruits/3319443,,xi - Last Resort (fuhie) [LASTING LEGACY: Arc Finale],HR,1170,,-1170
https://osu.ppy.sh/beatmapsets/2202946#fruits/4662598,,MYTH & ROID - Paradisus-Paradoxum (Ascendance) [Return by Death],DT,1170,,-1170
https://osu.ppy.sh/beatmapsets/2321573#fruits/5010070,,kanemiko - Ruin in Cascade (Bunnrei) [Yoshi's Whisper of a Memory],HR,1170,,-1170
https://osu.ppy.sh/beatmapsets/2321573#fruits/5010070,,kanemiko - Ruin in Cascade (Bunnrei) [Yoshi's Whisper of a Memory],HR,1170,,-1170
https://osu.ppy.sh/beatmapsets/1923443#fruits/3970670,,DJ Raisei - Delta23 (Jemzuu) [GOAT],NM,1168,,-1168
https://osu.ppy.sh/beatmapsets/2202726#fruits/4662127,,toby fox - Last Goodbye (wafer) [SAVE],DT,1167,,-1167
https://osu.ppy.sh/beatmapsets/1552869#fruits/3172816,,Noah - Deadly force - Put an end (Bunnrei) [Revolt from the Abyss],NM,1165,,-1165
https://osu.ppy.sh/beatmapsets/2325384#fruits/4984415,,Camellia feat. Nanahira - Hea~rt Bea~t <3 O~ver~Hea~~~~t!!!! (Ascendance) [Ascendance & Rocma's Love at First Sight],HR,1165,,-1165
https://osu.ppy.sh/beatmapsets/1630951#fruits/3329386,,Camellia - Arche (Bunnrei) [Singularity],HR,1165,,-1165
https://osu.ppy.sh/beatmapsets/1864673#fruits/3834979,,Kenshi Yonezu - KICK BACK (TV Size) (Ascendance) [Necessary Evil],DT,1164,,-1164
https://osu.ppy.sh/beatmapsets/1831275#fruits/3758994,,MisoilePunch - MixxioN (fayew) [FINALE],HR,1160,,-1160
https://osu.ppy.sh/beatmapsets/1831275#fruits/3758994,,MisoilePunch - MixxioN (fayew) [FINALE],HR,1160,,-1160
https://osu.ppy.sh/beatmapsets/2202946#fruits/4662598,,MYTH & ROID - Paradisus-Paradoxum (Ascendance) [Return by Death],DT,1155,,-1155
https://osu.ppy.sh/beatmapsets/2238952#fruits/4757956,,Nanahoshi Kangengakudan - Rubik's Cube (Spectator) [Deluge],HR,1155,,-1155
https://osu.ppy.sh/beatmapsets/2238952#fruits/4757956,,Nanahoshi Kangengakudan - Rubik's Cube (Spectator) [Deluge],HR,1155,,-1155
https://osu.ppy.sh/beatmapsets/2160829#fruits/4556732,,Laur - Exitium (Extended) (Mochi -) [Equilibrium],HR,1155,,-1155
https://osu.ppy.sh/beatmapsets/2160829#fruits/4556732,,Laur - Exitium (Extended) (Mochi -) [Equilibrium],HR,1155,,-1155
https://osu.ppy.sh/beatmapsets/2160829#fruits/4556732,,Laur - Exitium (Extended) (Mochi -) [Equilibrium],HR,1155,,-1155
https://osu.ppy.sh/beatmapsets/2160829#fruits/4556732,,Laur - Exitium (Extended) (Mochi -) [Equilibrium],HR,1155,,-1155
https://osu.ppy.sh/beatmapsets/1617030#fruits/4429267,,BLANKFIELD - Voyage (Kukkai) [Extra Stage],HR,1150,,-1150
https://osu.ppy.sh/beatmapsets/1009824#fruits/2156938,,PSYQUI - Hype feat. Such (lapix Remix) (Ascendance) [Hyperion's Rain],DT,1150,,-1150
https://osu.ppy.sh/beatmapsets/1707590#fruits/4106914,,Camellia feat. Nanahira - Kizuitara Shunkashuutou (Cut Ver.) (WinterBird) [Ephemeral],NM,1150,,-1150
https://osu.ppy.sh/beatmapsets/528000#fruits/3533482,,Yousei Teikoku - Shinteki Souzou (Shurelia) [Ultimate Divine Creation],NM,1150,,-1150
https://osu.ppy.sh/beatmapsets/2345648#fruits/5043508,,Yousei Teikoku - Kyouki Chinden (TV Size) (Rita Summers) [Merciless],HR,1150,,-1150
https://osu.ppy.sh/beatmapsets/667741#fruits/1412811,,Lady Antebellum - Compass (Cheesecake) [Hikaru's Rose Extra],DT,1150,,-1150
https://osu.ppy.sh/beatmapsets/1234080#fruits/2567738,,HO-KAGO TEA TIME - Kira Kira Days (Keqing) [Shiawase!],EZDT,1150,,-1150
https://osu.ppy.sh/beatmapsets/1396532#fruits/2882253,,Asriel - Shiroi Yoru Hamon o Utsusu Yami (Lyruke) [Coldness of the White Night],HR,1150,,-1150
https://osu.ppy.sh/beatmapsets/2292175#fruits/4897811,,jun with Alison - SUNKiSS <3 DROP ~jun Side~ (Ascendance) [DAHCREEPER'S CHALLENGE+],NM,1146,,-1146
https://osu.ppy.sh/beatmapsets/2104337#fruits/4415507,,Halv vs. kuro - Evreka (Spectator) [Archimedes],NM,1145,,-1145
https://osu.ppy.sh/beatmapsets/2334915#fruits/5011793,,Drazically - ReiNcarnation (Bunnrei) [Paradox of [NaN] Cycles],HR,1145,,-1145
https://osu.ppy.sh/beatmapsets/2330293#fruits/4998281,,#N/A,HR,1145,,-1145
https://osu.ppy.sh/beatmapsets/2330293#fruits/4998281,,#N/A,HR,1145,,-1145
https://osu.ppy.sh/beatmapsets/2330293#fruits/4998281,,#N/A,HR,1145,,-1145
https://osu.ppy.sh/beatmapsets/2330293#fruits/4998281,,#N/A,HR,1145,,-1145
https://osu.ppy.sh/beatmapsets/1861403#fruits/4262443,,MAXIMUM THE HORMONE - A-L-I-E-N (Extended Edit) (fayew) [Deluge],HR,1140,,-1140
https://osu.ppy.sh/beatmapsets/1861403#fruits/4262443,,MAXIMUM THE HORMONE - A-L-I-E-N (Extended Edit) (fayew) [Deluge],HR,1140,,-1140
https://osu.ppy.sh/beatmapsets/1861403#fruits/4262443,,MAXIMUM THE HORMONE - A-L-I-E-N (Extended Edit) (fayew) [Deluge],HR,1140,,-1140
https://osu.ppy.sh/beatmapsets/951273#fruits/1986615,,Morimori Atsushi vs. uma - Noel (long ver.) (Rocma) [Deluge],NM,1140,,-1140
https://osu.ppy.sh/beatmapsets/2425289#fruits/5279259,,tn-shi - Heart Factorisation (Spectator) [Prime Love],HR,1140,,-1140
https://osu.ppy.sh/beatmapsets/2198786#fruits/4653094,,"25-ji, Nightcord de. x Hatsune Miku - Gehenna (-Rustyy) [Rustyy & Mochi's Hopelessness]",HR,1140,,-1140
https://osu.ppy.sh/beatmapsets/2370956#fruits/5116804,,Kokoko Hachikyu - Chocooo (Mekadon) [Fatal],HR,1140,,-1140
https://osu.ppy.sh/beatmapsets/2088549#fruits/4376782,,seleP feat. Lily - Sara (ajmosca) [Bloody Rose],HR,1140,,-1140
https://osu.ppy.sh/beatmapsets/677104#fruits/1432041,,Ito Kanako - Sky of Twilight (Natsu) [Stairway To Heaven],EZDT,1140,,-1140
https://osu.ppy.sh/beatmapsets/677104#fruits/1432041,,Ito Kanako - Sky of Twilight (Natsu) [Stairway To Heaven],EZDT,1140,,-1140
https://osu.ppy.sh/beatmapsets/677104#fruits/1432041,,Ito Kanako - Sky of Twilight (Natsu) [Stairway To Heaven],EZDT,1140,,-1140
https://osu.ppy.sh/beatmapsets/2241735#fruits/4764524,,Camellia - Flamewall (Daletto) [Daletto & Rustyy's Flowers Resplendent on the Sun-Scorched Sojourn],NM,1135,,-1135
https://osu.ppy.sh/beatmapsets/1907655#fruits/3933797,,Camellia feat. Camellia - Ashed Wings (Rocma) [Classic],NM,1135,,-1135
https://osu.ppy.sh/beatmapsets/1950547#fruits/4038666,,Camellia feat. Ninomae Ina'nis - Drenched in Air (Jemzuu) [GiGas vs. Jemzuu's Labyrinth of the Abyss],NM,1135,,-1135
https://osu.ppy.sh/beatmapsets/2119488#fruits/4470172,,Rita - dorchadas (Raijodo) [htonrahS],HR,1135,,-1135
https://osu.ppy.sh/beatmapsets/2381870#fruits/5149537,,"MY FIRST STORY feat. chelly (EGOIST) - 1,000,000 TIMES (Verti) [Verti & Dizzy's Unconventional World]",DT,1132,,-1132
https://osu.ppy.sh/beatmapsets/2381870#fruits/5149537,,"MY FIRST STORY feat. chelly (EGOIST) - 1,000,000 TIMES (Verti) [Verti & Dizzy's Unconventional World]",DT,1132,,-1132
https://osu.ppy.sh/beatmapsets/2381870#fruits/5149537,,"MY FIRST STORY feat. chelly (EGOIST) - 1,000,000 TIMES (Verti) [Verti & Dizzy's Unconventional World]",DT,1132,,-1132
https://osu.ppy.sh/beatmapsets/1896680#fruits/3908877,,DM DOKURO - The Devourer of Gods (Nonstop Mix) (Bunnrei) [Universal Scourge],NM,1130,,-1130
https://osu.ppy.sh/beatmapsets/2198809#fruits/4653132,,Kyutatsuki - SOUND ARCHITECT (GiGas) [GiGas & Jemzuu's Framework of Harmony],NM,1130,,-1130
https://osu.ppy.sh/beatmapsets/2011534#fruits/4185860,,D-D-Dice - World's end loneliness (full ver.) (GiGas) [Crowning Glory],NM,1130,,-1130
https://osu.ppy.sh/beatmapsets/1825951#fruits/3747300,,"Camellia - Exit This Earth's Atomosphere (Camellia's ""PLANETARY//200STEP"" Remix) (Verti) [Synthesized Collab]",NM,1130,,-1130
https://osu.ppy.sh/beatmapsets/1825951#fruits/3747300,,"Camellia - Exit This Earth's Atomosphere (Camellia's ""PLANETARY//200STEP"" Remix) (Verti) [Synthesized Collab]",NM,1130,,-1130
https://osu.ppy.sh/beatmapsets/717720#fruits/1748947,,U1 High-Speed - EGOISM 440 (Ascendance) [Crystal's Challenge],HR,1130,,-1130
https://osu.ppy.sh/beatmapsets/1816401#fruits/3727551,,Gram vs. Yooh - Apocalypse (Jemzuu) [Hyperion's Deluge],HR,1130,,-1130
https://osu.ppy.sh/beatmapsets/2133319#fruits/4487767,,seatrus - efchi (Jemzuu) [Jemzuu vs. Unlucky_w's Euphoric Duality],HR,1130,,-1130
https://osu.ppy.sh/beatmapsets/2387201#fruits/5164858,,FLAVOR FOLEY - Static (Spectator) [Are you still watching?],DT,1130,,-1130
https://osu.ppy.sh/beatmapsets/151945#fruits/730865,,guna with team kyukkyu - subconsciousness (Snow Note) [KILL],EZDT,1130,,-1130
https://osu.ppy.sh/beatmapsets/1754419#fruits/3590299,,Yooh - RPG (Sololiquy) [Reality],NM,1128,,-1128
https://osu.ppy.sh/beatmapsets/2011555#fruits/4185885,,UNDEAD CORPORATION - Flowering Night Fever (Deif) [Rocma & Deif's Private Vision],NM,1126,,-1126
https://osu.ppy.sh/beatmapsets/1976818#fruits/4103533,,"Camellia - FLYING OUT TO THE SKY (covered by Nanahira, moimoi, Nana Takahashi) (Verti) [The Night Dawns and the Flames Burn]",HR,1126,,-1126
https://osu.ppy.sh/beatmapsets/1543977#fruits/3178950,,Nekomata Master+ - chaos eater -IIDX edition- (Spectator) [Lacrima's Overdose],DT,1125,,-1125
https://osu.ppy.sh/beatmapsets/699819#fruits/1481747,,nao - Towa naru Kizuna to Omoi no Kiseki (PinkHeart) [Rio's Miracle],HR,1125,,-1125
https://osu.ppy.sh/beatmapsets/1715139#fruits/3504487,,Silentroom - XHRONOXAPSULE (Jemzuu) [XATAXLYSM],NM,1122,,-1122
https://osu.ppy.sh/beatmapsets/1715139#fruits/3504487,,Silentroom - XHRONOXAPSULE (Jemzuu) [XATAXLYSM],NM,1122,,-1122
https://osu.ppy.sh/beatmapsets/1078698#fruits/2257056,,Kabocha - EmbryO (Ascendance) [CATASTROPHE],HR,1110,,-1110
https://osu.ppy.sh/beatmapsets/1078698#fruits/2257056,,Kabocha - EmbryO (Ascendance) [CATASTROPHE],HR,1110,,-1110
https://osu.ppy.sh/beatmapsets/1078698#fruits/2257056,,Kabocha - EmbryO (Ascendance) [CATASTROPHE],HR,1110,,-1110
https://osu.ppy.sh/beatmapsets/928515#fruits/1939410,,Gram vs. Camellia - Ragnarok (Bunnrei) [Denouement],HR,1120,,-1120
https://osu.ppy.sh/beatmapsets/2233104#fruits/4741841,,Xyris - Nefelibata (-Rustyy) [Fairytale],HR,1120,,-1120
https://osu.ppy.sh/beatmapsets/1956173#osu/4052295,,KISIDA KYODAN & THE AKEBOSI ROCKETS - HIGHSCHOOL OF THE DEAD (2021 Ver.) (DMK7) [COLLAPSE],EZDT,1120,,-1120
https://osu.ppy.sh/beatmapsets/1625860#fruits/3319445,,xi - Last Resort (fuhie) [Razor's CHALLENGING LEGACY: Destrudo Finale],NM,1119,,-1119
https://osu.ppy.sh/beatmapsets/866700#fruits/5124042,,Reol - Yakusoku no Ao (Crowley) [Unchanging Promise],NM,1114,,-1114
https://osu.ppy.sh/beatmapsets/2235160#fruits/4747984,,polysha - Endverse (Verti) [Verti vs. fayew's Final Encounter: The Rematch],NM,1112,,-1112
https://osu.ppy.sh/beatmapsets/1410668#fruits/2908348,,LeaF - Kyouki Ranbu (extended ver.) (Secre) [Terminus],NM,1111,,-1111
https://osu.ppy.sh/beatmapsets/2011565#fruits/4185898,,A-One feat. ayaponzu* - Justice Monster (F D Flourite) [KiRin],NM,1110,,-1110
https://osu.ppy.sh/beatmapsets/2456695#fruits/5370210,,Nanahoshi Kangengakudan - Dance Number o Tomo ni (Mochi -) [Relentless Overdrive],NM,1110,,-1110
https://osu.ppy.sh/beatmapsets/2273300#fruits/4843080,,Mutsuhiko Izumi - Snow Goose (ZiRoX) [Ascendance's Ultimate],HR,1110,,-1110
https://osu.ppy.sh/beatmapsets/2273300#fruits/4843080,,Mutsuhiko Izumi - Snow Goose (ZiRoX) [Ascendance's Ultimate],HR,1110,,-1110
https://osu.ppy.sh/beatmapsets/1766443#fruits/3615842,,nano - Gloria (Secre) [Prayer],DT,1110,,-1110
https://osu.ppy.sh/beatmapsets/1766443#fruits/3615842,,nano - Gloria (Secre) [Prayer],DT,1110,,-1110
https://osu.ppy.sh/beatmapsets/2391791#fruits/5177767,,Symholic feat. Rina Komatsu - Veil of Ash (Yoshi_green) [Virulent Adoration],NM,1106,,-1106
https://osu.ppy.sh/beatmapsets/2301803#fruits/4919418,,#N/A,EZDT,1105,,-1105
https://osu.ppy.sh/beatmapsets/2076393#fruits/4347186,,SOOOO - iiillluuuvvvUUU (Mochi -) [Reimu's eeexxxtttrrrAAA],HR,1100,,-1100
https://osu.ppy.sh/beatmapsets/2070482#fruits/4332291,,DJ SHARPNEL - TAKECORE OF YOURSELF (AutoLs) [LIMIT BREAK],NM,1100,,-1100
https://osu.ppy.sh/beatmapsets/2070482#fruits/4332291,,DJ SHARPNEL - TAKECORE OF YOURSELF (AutoLs) [LIMIT BREAK],NM,1100,,-1100
https://osu.ppy.sh/beatmapsets/1445309#fruits/2972873,,LeaF - Kyouki Ranbu (extended ver.) (Ascendance) [Rocmascentatoreizuu's Insanity Dance],NM,1100,,-1100
https://osu.ppy.sh/beatmapsets/1961109#fruits/4064324,,Koji Kondo - Slider (YokesPai) [Hi-Speed Slider Expert],NM,1100,,-1100
https://osu.ppy.sh/beatmapsets/2343110#fruits/5036538,,The Fall of Troy - Mouths Like Sidewinder Missiles (Rita Summers) [Mustang & Sally],NM,1100,,-1100
https://osu.ppy.sh/beatmapsets/2370956#osu/5116800,,Kokoko Hachikyu - Chocooo (Mekadon) [Challenge],HR,1100,,-1100
https://osu.ppy.sh/beatmapsets/2376936#fruits/5135031,,Linkin Park - Let You Fade (Cut Ver.) (Sotarks) [Unforgotten],DT,1100,,-1100
https://osu.ppy.sh/beatmapsets/1709308#fruits/3492839,,"HyuN - Duplicity Shade (feat. Sennzai) (-Rustyy) [Rustyy, Verti & Jemzuu's Virtuoso]",NM,1098,,-1098
https://osu.ppy.sh/beatmapsets/1596787#fruits/3261247,,katagiri - Palace of Melancholia (Jemzuu) [Berzerk],NM,1096,,-1096
https://osu.ppy.sh/beatmapsets/1888926#fruits/3890269,,Aoi Eir - Yurari (Garden) [Expert],DT,1095,,-1095
https://osu.ppy.sh/beatmapsets/1888926#fruits/3890269,,Aoi Eir - Yurari (Garden) [Expert],DT,1095,,-1095
https://osu.ppy.sh/beatmapsets/2382776#fruits/5154024,,Yousei Teikoku - Shinteki Souzou (DizzyOracel) [Divine],HR,1092,,-1092
https://osu.ppy.sh/beatmapsets/1729729#fruits/3535052,,"Kou! - TERABYTE (""XETTABYTE"" Long Version) (Jemzuu) [KEN & JEMZUU'S XHAOTIC NEUTRAL]",NM,1090,,-1090
https://osu.ppy.sh/beatmapsets/1779891#fruits/3645125,,smert' v letnyuyu polnoch' - nepredskazuyemost' (fayew) [ottorzheniye],NM,1090,,-1090
https://osu.ppy.sh/beatmapsets/1278046#fruits/2674095,,xi - Titania (Jemzuu) [Rocma's Deluge],HR,1090,,-1090
https://osu.ppy.sh/beatmapsets/1625860#fruits/3356793,,xi - Last Resort (fuhie) [Joakh's VIVID],HR,1090,,-1090
https://osu.ppy.sh/beatmapsets/1547564#fruits/3162593,,Chino (CV: Inori Minase) - Mirai Puzzle (My Angel Ram) [Cappuchino],DT,1090,,-1090
https://osu.ppy.sh/beatmapsets/1896678#fruits/3908869,,binmode - Kyu-kulagtrain (Mniam) [Agitation],HR,1086,,-1086
https://osu.ppy.sh/beatmapsets/1896678#fruits/3908869,,binmode - Kyu-kulagtrain (Mniam) [Agitation],HR,1086,,-1086
https://osu.ppy.sh/beatmapsets/1719293#fruits/3513526,,ReeK - Galaxy Collision (Jemzuu) [Jemzuu vs. Unlucky's Dyscontrolled Galaxy],NM,1085,,-1085
https://osu.ppy.sh/beatmapsets/2307872#fruits/4936088,,"Worm Shepherd - Winter Sun (Daletto) [""The hand behind the druids; a familiar hand cold and cruel""]",NM,1085,,-1085
https://osu.ppy.sh/beatmapsets/2097026#fruits/4397852,,seatrus - permitted (Jemzuu) [surreptitious paradox],NM,1085,,-1085
https://osu.ppy.sh/beatmapsets/1404850#fruits/2897334,,Hino Isuka - Dreamin' attraction!! (Jemzuu) [Adventure!!],HR,1081,,-1081
https://osu.ppy.sh/beatmapsets/1698560#fruits/3470717,,ptar124 - AmbidextrouS ~The Alchemist of The Left x The Sage of The Right~ (Deif) [Double-edgeD],NM,1080,,-1080
https://osu.ppy.sh/beatmapsets/1698560#fruits/3470717,,ptar124 - AmbidextrouS ~The Alchemist of The Left x The Sage of The Right~ (Deif) [Double-edgeD],NM,1080,,-1080
https://osu.ppy.sh/beatmapsets/1038635#fruits/2171121,,toby fox - MEGALOVANIA (Camellia Remix) (Minato Yukina) [do you wanna have a bad time?],HR,1080,,-1080
https://osu.ppy.sh/beatmapsets/2306377#fruits/4932054,,Noah - The end (fayew) [Finale],HR,1080,,-1080
https://osu.ppy.sh/beatmapsets/2306377#fruits/4932054,,Noah - The end (fayew) [Finale],HR,1080,,-1080
https://osu.ppy.sh/beatmapsets/2306377#fruits/4932054,,Noah - The end (fayew) [Finale],HR,1080,,-1080
https://osu.ppy.sh/beatmapsets/586121#fruits/1241370,,GYZE - HONESTY (Bibbity Bill) [DISHONEST],EZDT,1080,,-1080
https://osu.ppy.sh/beatmapsets/1938940#fruits/4008332,,Lime - BEYOND (GiGas) [Go Beyond],NM,1080,,-1080
https://osu.ppy.sh/beatmapsets/1938940#fruits/4008332,,Lime - BEYOND (GiGas) [Go Beyond],NM,1080,,-1080
https://osu.ppy.sh/beatmapsets/1938940#fruits/4008332,,Lime - BEYOND (GiGas) [Go Beyond],NM,1080,,-1080
https://osu.ppy.sh/beatmapsets/1938940#fruits/4008332,,Lime - BEYOND (GiGas) [Go Beyond],NM,1080,,-1080
https://osu.ppy.sh/beatmapsets/1938940#fruits/4008332,,Lime - BEYOND (GiGas) [Go Beyond],NM,1080,,-1080
https://osu.ppy.sh/beatmapsets/1958376#fruits/4057321,,Ashrount - Bleary Vagary (Jemzuu) [Ultra],HR,1078,,-1078
https://osu.ppy.sh/beatmapsets/1755429#fruits/3592362,,Silentroom - Nhelv (Bunnrei) [Aftermath],NM,1075,,-1075
https://osu.ppy.sh/beatmapsets/1755429#fruits/3592362,,Silentroom - Nhelv (Bunnrei) [Aftermath],NM,1075,,-1075
https://osu.ppy.sh/beatmapsets/1722551#fruits/3520524,,Ata - Euphoria (Kyptoric) [Hi-Speed Fruit Super-Highway],NM,1073,,-1073
https://osu.ppy.sh/beatmapsets/2424816#fruits/5278114,,Team Grimoire + amaneko - croiX (Extended Ver.) (Razor Sharp) [cruX],NM,1072,,-1072
https://osu.ppy.sh/beatmapsets/1074448#fruits/2248481,,REDALiCE vs. MASAKI - BUCHiGiRE Berserker (Bunnrei) [MASTER],HR,1070,,-1070
https://osu.ppy.sh/beatmapsets/2424147#fruits/5275990,,#N/A,NM,1070,,-1070
https://osu.ppy.sh/beatmapsets/1804215#fruits/4713802,,P*Light - SAtAN (Undead Alice) [Noctalium's IMMORTAL],HR,1067,,-1067
https://osu.ppy.sh/beatmapsets/1804215#fruits/4713802,,P*Light - SAtAN (Undead Alice) [Noctalium's IMMORTAL],HR,1067,,-1067
https://osu.ppy.sh/beatmapsets/1178513#fruits/2457743,,RINYA.G - disinteGration (Bunnrei) [Collapse of the World Machine],HR,1065,,-1065
https://osu.ppy.sh/beatmapsets/1178513#fruits/2457743,,RINYA.G - disinteGration (Bunnrei) [Collapse of the World Machine],HR,1065,,-1065
https://osu.ppy.sh/beatmapsets/1530133#fruits/3131088,,REDALiCE vs. Kobaryo - REKKA RESONANCE (Jemzuu) [ROCMA'S DELUGE],HR,1065,,-1065
https://osu.ppy.sh/beatmapsets/1297551#fruits/2692804,,xi - Bad Elixir (Nelly) [Overdose],DT,1063,,-1063
https://osu.ppy.sh/beatmapsets/1939742#fruits/4010555,,seatrus - EXXTRA JUDGEMENT (-Rustyy) [SALVATION],NM,1060,,-1060
https://osu.ppy.sh/beatmapsets/1647749#fruits/3363340,,Irreversible Mechanism - Into the Void (fuhie) [Eternal Oblivion],NM,1060,,-1060
https://osu.ppy.sh/beatmapsets/1647749#fruits/3363340,,Irreversible Mechanism - Into the Void (fuhie) [Eternal Oblivion],NM,1060,,-1060
https://osu.ppy.sh/beatmapsets/2180848#fruits/4607010,,"Nanahoshi Kangengakudan feat. Matsushita - Dance Number o Tomo ni (Verti) [Shall we dance together, you and I?]",HR,1060,,-1060
https://osu.ppy.sh/beatmapsets/2180848#fruits/4607010,,"Nanahoshi Kangengakudan feat. Matsushita - Dance Number o Tomo ni (Verti) [Shall we dance together, you and I?]",HR,1060,,-1060
https://osu.ppy.sh/beatmapsets/2138425#fruits/4520619,,DECO*27 - Rabbit Hole feat. Hatsune Miku ([ Azu- ]) [RAZOR'S LAST CHANCE!],HR,1060,,-1060
https://osu.ppy.sh/beatmapsets/644642#osu/1366190,,penoreri - Preserved Valkyria (Kroytz) [The Entrance to Valhalla],HR,1060,,-1060
https://osu.ppy.sh/beatmapsets/2398893#fruits/5199031,,Ruby My Dear - Petit Poney (skill issue lol) [Ce poney n'est pas si petit que ca !],NM,1056,,-1056
https://osu.ppy.sh/beatmapsets/2398893#fruits/5199031,,Ruby My Dear - Petit Poney (skill issue lol) [Ce poney n'est pas si petit que ca !],NM,1056,,-1056
https://osu.ppy.sh/beatmapsets/2398893#fruits/5199031,,Ruby My Dear - Petit Poney (skill issue lol) [Ce poney n'est pas si petit que ca !],NM,1056,,-1056
https://osu.ppy.sh/beatmapsets/2274931#fruits/4847511,,#N/A,HR,1056,,-1056
https://osu.ppy.sh/beatmapsets/2274931#fruits/4847511,,#N/A,HR,1056,,-1056
https://osu.ppy.sh/beatmapsets/1789527#fruits/3666753,,ToYou & DJ Raisei - ADHD (Jemzuu) [Rustyy & Jemzuu's Hyperactivity],NM,1055,,-1055
https://osu.ppy.sh/beatmapsets/2039804#fruits/4254926,,Kry.exe feat. Ice - Last Wish (-Rustyy) [Rustyy & Daletto's One Thousand Voices],NM,1055,,-1055
https://osu.ppy.sh/beatmapsets/2007941#fruits/4176765,,Minstrel - Heian Alien (-Ken) [Mysterious Collab],NM,1055,,-1055
https://osu.ppy.sh/beatmapsets/1964805#fruits/4350395,,"Sad Keyboard Guy, Myntian & Sleepless - Chroma//Surge (GiGas) [Chromatic//Cataclysm]",NM,1055,,-1055
https://osu.ppy.sh/beatmapsets/1897440#fruits/4436279,,SAMString - Akarui Taiyo (autofanboy) [Team Canada A's Sunburst],HR,1055,,-1055
https://osu.ppy.sh/beatmapsets/306012#fruits/2442176,,sHimaU - SLOTcore Is Dead (Arphimigon) [EIGHT],NM,1055,,-1055
https://osu.ppy.sh/beatmapsets/306012#fruits/2442176,,sHimaU - SLOTcore Is Dead (Arphimigon) [EIGHT],NM,1055,,-1055
https://osu.ppy.sh/beatmapsets/1634333#fruits/3335681,,Yooh - Ice Angel (Razor Sharp) [Beneath the Frozen Wastes of Jotunheim],NM,1053,,-1053
https://osu.ppy.sh/beatmapsets/2425289#fruits/5361463,,tn-shi - Heart Factorisation (Spectator) [Ken's Deluge],HR,1050,,-1050
https://osu.ppy.sh/beatmapsets/1432240#fruits/2947842,,Zekk - Duplication (Jemzuu) [Duplication],HR,1050,,-1050
https://osu.ppy.sh/beatmapsets/2345648#fruits/5043508,,Yousei Teikoku - Kyouki Chinden (TV Size) (Rita Summers) [Merciless],NM,1050,,-1050
https://osu.ppy.sh/beatmapsets/1955965#fruits/4157494,,Doma Umaru (CV: Tanaka Aimi) - Kakushinteki*Metamaruphose! (Amamya) [buckfro & Amamya's Laziness],HR,1050,,-1050
https://osu.ppy.sh/beatmapsets/659328#fruits/1396342,,Tia - Deal with the devil (UndeadCapulet) [Expert],NM,1050,,-1050
https://osu.ppy.sh/beatmapsets/1618360#fruits/3311611,,BlackY - ULT!MATE END (Deif) [Team Philippines' Annihilation],NM,1047,,-1047
https://osu.ppy.sh/beatmapsets/1246989#fruits/2591954,,"Amuro vs. Killer - Mei (Camellia's ""Yomigae"" Remix) (Spectator) [Solitary Journey to Pluto]",NM,1045,,-1045
https://osu.ppy.sh/beatmapsets/837346#fruits/1990439,,Ruby My Dear - Croque Monsieur A Disneyland (fayew) [Brame],NM,1045,,-1045
https://osu.ppy.sh/beatmapsets/1496473#fruits/3067683,,Camellia - Looking for Edge of Ground (Spectator) [Spec Razor's Endless Fairytale],NM,1042,,-1042
https://osu.ppy.sh/beatmapsets/2137568#fruits/4498529,,Kokoko Hachikyu - Chocoo- (skill issue lol) [Finale],NM,1040,,-1040
https://osu.ppy.sh/beatmapsets/1506932#fruits/3086528,,Noah - Deadly force - Put an end (Verti) [The End of the World],HR,1040,,-1040
https://osu.ppy.sh/beatmapsets/1506932#fruits/3086528,,Noah - Deadly force - Put an end (Verti) [The End of the World],HR,1040,,-1040
https://osu.ppy.sh/beatmapsets/2098470#fruits/4401702,,Kou! - Shigaisen*UV (rinkiha) [Jemzuu x rinkiha's Ultradrive],NM,1038,,-1038
https://osu.ppy.sh/beatmapsets/2261437#fruits/4813299,,Gardens - Crimson Reflection (el raton) [Scattered],HR,1035,,-1035
https://osu.ppy.sh/beatmapsets/1073159#fruits/2245962,,"Akatsuki Records - SAMURAI GHOST GIRL, KILL! KILL! (SMOKELIND) [KILL THEM ALL FOR A BETTER FUTURE!]",DT,1035,,-1035
https://osu.ppy.sh/beatmapsets/1972993#fruits/4118152,,Polyphia - ABC feat. Sophia Black (muya-) [Rustyy's Overdose],DT,1030,,-1030
https://osu.ppy.sh/beatmapsets/2370956#fruits/5116804,,Kokoko Hachikyu - Chocooo (Mekadon) [Fatal],NM,1030,,-1030
https://osu.ppy.sh/beatmapsets/1747268#fruits/3581775,,Luze - IKUSAUTA Orglrya (Allice) [Black Another],HTHR,1030,,-1030
https://osu.ppy.sh/beatmapsets/1747268#fruits/3581775,,Luze - IKUSAUTA Orglrya (Allice) [Black Another],HTHR,1030,,-1030
https://osu.ppy.sh/beatmapsets/17744#fruits/328412,,KOTOKO - Wing my way (ZHSteven) [Hell-Jumping],DT,1030,,-1030
https://osu.ppy.sh/beatmapsets/2262357#fruits/4816216,,B Komachi - POP IN 2 (TV Size) (Verti) [Fubukril's Overdose],EZDT,1030,,-1030
https://osu.ppy.sh/beatmapsets/1454367#fruits/2989852,,Matrix & Futurebound feat. Luke Bingham - All I Know (M&F's Rolling Out Radio Mix) (Tycani) [Never Givin' Up],EZDT,1030,,-1030
https://osu.ppy.sh/beatmapsets/2246611#osu/4776440,,Ito Kanako - Uncontrollable (Uniform) [Wen's Expert],EZDT,1030,,-1030
https://osu.ppy.sh/beatmapsets/1693907#fruits/3461274,,Camellia - Tera I/O (Jemzuu) [Rustyy/Jemzuu's Quantum Realm],NM,1027,,-1027
https://osu.ppy.sh/beatmapsets/717720#fruits/1516127,,U1 High-Speed - EGOISM 440 (Ascendance) [Double Challenge],HR,1026,,-1026
https://osu.ppy.sh/beatmapsets/1923443#fruits/4063853,,DJ Raisei - Delta23 (Jemzuu) [Zyzyx's Deluge],NM,1025,,-1025
https://osu.ppy.sh/beatmapsets/2321573#fruits/4973807,,kanemiko - Ruin in Cascade (Bunnrei) [Song of the Ancients],NM,1025,,-1025
https://osu.ppy.sh/beatmapsets/2458266#fruits/5375521,,777system - GOD (Vaqu) [DEITY],NM,1025,,-1025
https://osu.ppy.sh/beatmapsets/2040285#fruits/4256129,,Tatsh - IMAGE REBORN -DIVINITY- (Deif) [Materialised],HR,1025,,-1025
https://osu.ppy.sh/beatmapsets/416153#fruits/901854,,Remo Prototype[CV: Hanamori Yumiri] - Sendan Life (Lami) [Nostalgia],HR,1025,,-1025
https://osu.ppy.sh/beatmapsets/1072567#fruits/2244836,,TrySail - Utsuroi (Short Ver.) (Greaper) [Magical],DT,1023,,-1023
https://osu.ppy.sh/beatmapsets/1072567#fruits/2244836,,TrySail - Utsuroi (Short Ver.) (Greaper) [Magical],DT,1023,,-1023
https://osu.ppy.sh/beatmapsets/1618360#fruits/3311612,,BlackY - ULT!MATE END (Deif) [Team Various Countries 2's Apocalypse],NM,1020,,-1020
https://osu.ppy.sh/beatmapsets/2114116#fruits/4439033,,exnoiz - Emotional distress (rinkiha) [emoi],HR,1020,,-1020
https://osu.ppy.sh/beatmapsets/2202800#fruits/4662258,,AngelMaker - What I Would Give (Daletto) [I long to see you...],HR,1020,,-1020
https://osu.ppy.sh/beatmapsets/697012#fruits/4557729,,tofubeats - CANDYYYLAND feat. LIZ (Pa's Lam System Remix) (Kukkai) [Overdose],DT,1020,,-1020
https://osu.ppy.sh/beatmapsets/2433439#fruits/5302684,,SHIKI - Rose Quartz (fayew) [Floral Strobe],NM,1020,,-1020
https://osu.ppy.sh/beatmapsets/2433439#fruits/5302684,,SHIKI - Rose Quartz (fayew) [Floral Strobe],NM,1020,,-1020
https://osu.ppy.sh/beatmapsets/2433439#fruits/5302684,,SHIKI - Rose Quartz (fayew) [Floral Strobe],NM,1020,,-1020
https://osu.ppy.sh/beatmapsets/1328918#fruits/2752885,,Kobaryo - Theme for Psychopath Justice (Razor Sharp) [Catastrophe],NM,1015,,-1015
https://osu.ppy.sh/beatmapsets/2264181#fruits/4827192,,UROBOROS - Black Swallowtail (TV Size) (Pepti) [Vaqu's Deluge],DT,1015,,-1015
https://osu.ppy.sh/beatmapsets/1426534#fruits/2937547,,HO-KAGO TEA TIME - Kira Kira Days (Cut Ver.) (Secre) [Shiawase!!!],DT,1010,,-1010
https://osu.ppy.sh/beatmapsets/1426534#fruits/2937547,,HO-KAGO TEA TIME - Kira Kira Days (Cut Ver.) (Secre) [Shiawase!!!],DT,1010,,-1010
https://osu.ppy.sh/beatmapsets/2114419#fruits/4439815,,t+pazolite - Electric Butterfly (Kukkai) [Electric Shock],NM,1010,,-1010
https://osu.ppy.sh/beatmapsets/2114419#fruits/4439815,,t+pazolite - Electric Butterfly (Kukkai) [Electric Shock],NM,1010,,-1010
https://osu.ppy.sh/beatmapsets/2348097#fruits/5050970,,An - Saigo (rinkiha) [Release],NM,1010,,-1010
https://osu.ppy.sh/beatmapsets/2321556#fruits/5054612,,Kuroneko Dungeon - Ryuu to Shoujo to Decoherence ([ Azu- ]) [NIDOKING'S DELUGE],NM,1010,,-1010
https://osu.ppy.sh/beatmapsets/2321556#fruits/5054612,,Kuroneko Dungeon - Ryuu to Shoujo to Decoherence ([ Azu- ]) [NIDOKING'S DELUGE],NM,1010,,-1010
https://osu.ppy.sh/beatmapsets/2321556#fruits/5054612,,Kuroneko Dungeon - Ryuu to Shoujo to Decoherence ([ Azu- ]) [NIDOKING'S DELUGE],NM,1010,,-1010
https://osu.ppy.sh/beatmapsets/1543977#fruits/3155847,,Nekomata Master+ - chaos eater -IIDX edition- (Spectator) [Ultra],HR,1010,,-1010
https://osu.ppy.sh/beatmapsets/1543977#fruits/3155847,,Nekomata Master+ - chaos eater -IIDX edition- (Spectator) [Ultra],HR,1010,,-1010
https://osu.ppy.sh/beatmapsets/2165226#fruits/4583201,,tn-shi - Annihilation in F# Minor (Jemzuu) [Kukkai's Deluge],HR,1010,,-1010
https://osu.ppy.sh/beatmapsets/1358306#fruits/3389840,,sana / HoneyWorks - Akatsuki Zukuyo (Secre) [Joakh & Verti's Overdose],DT,1010,,-1010
https://osu.ppy.sh/beatmapsets/1247857#fruits/2593620,,Various Artists - Songs Compilation IV (Sotarks) [Marathon],HR,1010,,-1010
https://osu.ppy.sh/beatmapsets/1247857#fruits/2593620,,Various Artists - Songs Compilation IV (Sotarks) [Marathon],HR,1010,,-1010
https://osu.ppy.sh/beatmapsets/2135232#fruits/4492895,,t+pazolite - Call me it. (500 Tortures) (Kimitakari) [Terror],NM,1005,,-1005
https://osu.ppy.sh/beatmapsets/2135232#fruits/4492895,,t+pazolite - Call me it. (500 Tortures) (Kimitakari) [Terror],NM,1005,,-1005
https://osu.ppy.sh/beatmapsets/1672890#fruits/3417222,,Azuna Riko - keep weaving your spider way (TV Size) (Secre) [Nightmare],DT,1005,,-1005
https://osu.ppy.sh/beatmapsets/2278996#fruits/4869035,,Kaneko Chiharu - <<Re:miniscence>> (Daletto) [RUSTYY'S VIVID],HR,1001,,-1001
https://osu.ppy.sh/beatmapsets/1818913#fruits/3731926,,Camellia - #1f1e33 (#00102g version) (Noctalium) [Amethyst],NM,1000,,-1000
https://osu.ppy.sh/beatmapsets/1197507#fruits/2494357,,MIMI - Ai no Sukima (Greaper) [Overdose],DT,1000,,-1000
https://osu.ppy.sh/beatmapsets/1197507#fruits/2494357,,MIMI - Ai no Sukima (Greaper) [Overdose],DT,1000,,-1000
https://osu.ppy.sh/beatmapsets/1197507#fruits/2494357,,MIMI - Ai no Sukima (Greaper) [Overdose],DT,1000,,-1000
https://osu.ppy.sh/beatmapsets/2026273#fruits/4221920,,LV.4 - Chemical Diving (Du5t) [Rocma & Dust's Acid Burst],NM,1000,,-1000
https://osu.ppy.sh/beatmapsets/2238952#fruits/4757956,,Nanahoshi Kangengakudan - Rubik's Cube (Spectator) [Deluge],HR,1000,,-1000
https://osu.ppy.sh/beatmapsets/2238952#fruits/4757956,,Nanahoshi Kangengakudan - Rubik's Cube (Spectator) [Deluge],HR,1000,,-1000
https://osu.ppy.sh/beatmapsets/170658#fruits/458103,,Kayano Ai - Oracion(TV-Size) (Serena-) [Crystal's Rain],HRDT,1000,,-1000
https://osu.ppy.sh/beatmapsets/1000972#fruits/2104942,,Yorushika - Hole In The Heart (Ryuusei Aika) [deetz' Extra],DT,1000,,-1000
https://osu.ppy.sh/beatmapsets/2239329#fruits/4758813,,"Synestia, Disembodied Tyrant - I, The Devourer (Daletto) [Where is your throne, lord?]",HR,996,,-996
https://osu.ppy.sh/beatmapsets/1655808#fruits/3379865,,Kobaryo & Matatabi Sound System + DJ NECOJITA + Shinonome I/F + blaxervant - Precious Song Dedicated to the Stars (Razor Sharp) [Constellation],NM,995,,-995
https://osu.ppy.sh/beatmapsets/2048353#fruits/4276690,,Laur - Sound Chimera (-Rustyy) [Sonokinesis],NM,995,,-995
https://osu.ppy.sh/beatmapsets/1636276#fruits/3342487,,HyuN feat. YURI - Disorder (Verti) [Rustyy's Overdose],DT,995,,-995
https://osu.ppy.sh/beatmapsets/1655808#fruits/3379865,,Kobaryo & Matatabi Sound System + DJ NECOJITA + Shinonome I/F + blaxervant - Precious Song Dedicated to the Stars (Razor Sharp) [Constellation],NM,994,,-994
https://osu.ppy.sh/beatmapsets/1071702#fruits/2243205,,Team Grimoire vs. Laur - Grievous Lady -nothing is but what is not- (Ascendance) [Ascendance vs. Rei's Tormented Memory],NM,990,,-990
https://osu.ppy.sh/beatmapsets/2137241#fruits/4497685,,Lorna Shore - Pain Remains III: In a Sea of Fire (Daletto) [Crimson Blaze],NM,990,,-990
https://osu.ppy.sh/beatmapsets/2038527#fruits/4251903,,Oreore-Usagi - Drain ReD rain (-Joakh) [Forsake This Despair ft. Rustyy],HR,990,,-990
https://osu.ppy.sh/beatmapsets/1699234#fruits/3472020,,Release Hallucination - Lovers in Abyss (Daletto) [Daletto & Jemzuu's Illuminating Salvation],HR,990,,-990
https://osu.ppy.sh/beatmapsets/1699234#fruits/3472020,,Release Hallucination - Lovers in Abyss (Daletto) [Daletto & Jemzuu's Illuminating Salvation],HR,990,,-990
https://osu.ppy.sh/beatmapsets/1699234#fruits/3472020,,Release Hallucination - Lovers in Abyss (Daletto) [Daletto & Jemzuu's Illuminating Salvation],HR,990,,-990
https://osu.ppy.sh/beatmapsets/1328918#fruits/3029497,,Kobaryo - Theme for Psychopath Justice (Razor Sharp) [Joakh & Razor's Deluge],HR,990,,-990
https://osu.ppy.sh/beatmapsets/810477#fruits/1700476,,SakiZ - osu!favourites (Hareimu) [Gauntlet],HR,987,,-987
https://osu.ppy.sh/beatmapsets/2272508#fruits/4840939,,B-ko (CV: Toyama Nao) - Nisemono Chuuihou (Verti) [Paradox],HR,985,,-985
https://osu.ppy.sh/beatmapsets/2272508#fruits/4840939,,B-ko (CV: Toyama Nao) - Nisemono Chuuihou (Verti) [Paradox],HR,985,,-985
https://osu.ppy.sh/beatmapsets/1831275#fruits/4417095,,MisoilePunch - MixxioN (fayew) [GRAVITY],HR,985,,-985
https://osu.ppy.sh/beatmapsets/1831275#fruits/4417095,,MisoilePunch - MixxioN (fayew) [GRAVITY],HR,985,,-985
https://osu.ppy.sh/beatmapsets/1831275#fruits/4417095,,MisoilePunch - MixxioN (fayew) [GRAVITY],HR,985,,-985
https://osu.ppy.sh/beatmapsets/2398898#fruits/5199042,,Amatsuki - Universe (Verti) [Starlight's Embrace],DT,985,,-985
https://osu.ppy.sh/beatmapsets/2398898#fruits/5199042,,Amatsuki - Universe (Verti) [Starlight's Embrace],DT,985,,-985
https://osu.ppy.sh/beatmapsets/605523#fruits/1279343,,Daisuke Ishiwatari - Condemnation Wings (Jounzan) [Requiem Aeternam],NM,985,,-985
https://osu.ppy.sh/beatmapsets/1794186#fruits/3677168,,Shadow Of Intent - The Return (Daletto) [A living body so I can embrace and rejoice...],HR,982,,-982
https://osu.ppy.sh/beatmapsets/2457218#fruits/5371967,,yairi - Ryuusei&Gradation (fayew) [Extermination],NM,981,,-981
https://osu.ppy.sh/beatmapsets/1794725#fruits/3678616,,Camellia - Exit This Earth's Atomosphere (skill issue lol) [Abstracted Destiny],NM,980,,-980
https://osu.ppy.sh/beatmapsets/1508396#fruits/3089126,,DJ Myosuke & Noizenecio - Architecture (Razor Sharp) [Eternal Blueprint],NM,980,,-980
https://osu.ppy.sh/beatmapsets/1960126#fruits/4061928,,Lorna Shore - Sun//Eater (Daletto) [Kyrie Eleison],NM,980,,-980
https://osu.ppy.sh/beatmapsets/1460413#fruits/3024977,,Silentroom vs. Frums - Aegleseeker (Jemzuu) [Razor's Beyond],NM,980,,-980
https://osu.ppy.sh/beatmapsets/866700#fruits/1812113,,Reol - Yakusoku no Ao (Crowley) [Unaltered Vow],HR,980,,-980
https://osu.ppy.sh/beatmapsets/1459275#fruits/2998626,,Camellia - ill intelligence (Razor Sharp) [ERROR 404 - DIFFICULTY NOT FOUND],NM,980,,-980
https://osu.ppy.sh/beatmapsets/1749850#fruits/3579870,,Wolpis Kater - Oxalis (Crowley) [Divinity's End],NM,980,,-980
https://osu.ppy.sh/beatmapsets/1179938#fruits/2460431,,UNDEAD CORPORATION - Embraced by the Flame (Daletto) [Daletto & Du5t's Rekindling of Dead Ashes],HR,980,,-980
https://osu.ppy.sh/beatmapsets/2284812#fruits/4873192,,nao - Dimension tripper!!!! (Secre) [Overdose!!!!],DT,980,,-980
https://osu.ppy.sh/beatmapsets/1212452#fruits/2540399,,"Camellia - FLYING OUT TO THE SKY (covered by Nanahira, moimoi, Nana Takahashi) (Sotarks) [Reform's EXTREME]",NM,980,,-980
https://osu.ppy.sh/beatmapsets/2370956#osu/5116800,,Kokoko Hachikyu - Chocooo (Mekadon) [Challenge],NM,980,,-980
https://osu.ppy.sh/beatmapsets/680437#fruits/1438740,,Black Hole - Pluto (Ascendance) [Challenge],HR,975,,-975
https://osu.ppy.sh/beatmapsets/680437#fruits/1438740,,Black Hole - Pluto (Ascendance) [Challenge],HR,975,,-975
https://osu.ppy.sh/beatmapsets/680437#fruits/1438740,,Black Hole - Pluto (Ascendance) [Challenge],HR,975,,-975
https://osu.ppy.sh/beatmapsets/991934#fruits/2658198,,Oomori Seiko - JUSTadICE (TV Size) (Secre) [Black Divider],DT,975,,-975
https://osu.ppy.sh/beatmapsets/1301991#fruits/2726074,,Camellia - GHOST (2020 Halloween+++++++++ VIP) (Spectator) [SPECTER],NM,970,,-970
https://osu.ppy.sh/beatmapsets/1698949#fruits/3471455,,ZxNX - Schadenfreude (Jemzuu) [Humiliation],NM,970,,-970
https://osu.ppy.sh/beatmapsets/1293905#fruits/2685020,,UNDEAD CORPORATION - Everything will freeze (NyalettOwO x3) [Jack the Ludo Bile],HR,970,,-970
https://osu.ppy.sh/beatmapsets/1774562#fruits/3633671,,kanemiko - Electrolytes (Unlucky_w) [Deluge],NM,970,,-970
https://osu.ppy.sh/beatmapsets/660618#fruits/2674410,,Morimori Atsushi - PUPA (Spectator) [Overdose],DT,970,,-970
https://osu.ppy.sh/beatmapsets/1514014#fruits/3099696,,Project Grimoire - Excalibur ~Revived resolution~ (Souvenir) [~Du5t's Overdose~],DT,970,,-970
https://osu.ppy.sh/beatmapsets/668888#fruits/1414928,,Memme - Sky of the Ocean (Syph) [Air of the Sea.],HR,970,,-970
https://osu.ppy.sh/beatmapsets/2255589#fruits/4798382,,#N/A,NM,970,,-970
https://osu.ppy.sh/beatmapsets/1052199#fruits/2198934,,Camellia - Racemization (Ciyus Miapah) [extreme],EZDT,970,,-970
https://osu.ppy.sh/beatmapsets/2420814#fruits/5266195,,Wolfgang Amadeus Mozart - Lacrimosa (Caelus Arrangement) (Jemzuu) [Dies Irae // Judgment Day],NM,962,,-962
https://osu.ppy.sh/beatmapsets/1630951#fruits/3329386,,Camellia - Arche (Bunnrei) [Singularity],NM,960,,-960
https://osu.ppy.sh/beatmapsets/2402645#fruits/5210815,,xi - ANiMA (Verti) [Harmony],HR,960,,-960
https://osu.ppy.sh/beatmapsets/2402645#fruits/5210815,,xi - ANiMA (Verti) [Harmony],HR,960,,-960
https://osu.ppy.sh/beatmapsets/1861403#fruits/4262443,,MAXIMUM THE HORMONE - A-L-I-E-N (Extended Edit) (fayew) [Deluge],NM,960,,-960
https://osu.ppy.sh/beatmapsets/1861403#fruits/4262443,,MAXIMUM THE HORMONE - A-L-I-E-N (Extended Edit) (fayew) [Deluge],NM,960,,-960
https://osu.ppy.sh/beatmapsets/2095161#fruits/4598997,,seatrus - Scorcher on The Battlefield (Nelly) [Mochi's Overdose],DT,960,,-960
https://osu.ppy.sh/beatmapsets/2023131#fruits/4213933,,#N/A,HR,960,,-960
https://osu.ppy.sh/beatmapsets/2023131#fruits/4213933,,#N/A,HR,960,,-960
https://osu.ppy.sh/beatmapsets/2023131#fruits/4213933,,#N/A,HR,960,,-960
https://osu.ppy.sh/beatmapsets/2272508#fruits/4840939,,B-ko (CV: Toyama Nao) - Nisemono Chuuihou (Verti) [Paradox],HR,960,,-960
https://osu.ppy.sh/beatmapsets/2272508#fruits/4840939,,B-ko (CV: Toyama Nao) - Nisemono Chuuihou (Verti) [Paradox],HR,960,,-960
https://osu.ppy.sh/beatmapsets/1569794#fruits/3205624,,#N/A,NM,960,,-960
https://osu.ppy.sh/beatmapsets/699819#fruits/1481747,,nao - Towa naru Kizuna to Omoi no Kiseki (PinkHeart) [Rio's Miracle],NM,956,,-956
https://osu.ppy.sh/beatmapsets/2239310#fruits/4758753,,UNDEAD CORPORATION - The Empress (Daletto) [Daletto & Rustyy's Ripples of 495 Years],NM,950,,-950
https://osu.ppy.sh/beatmapsets/2044450#fruits/4277706,,DJ SHARPNEL - BLUE ARMY (Sololiquy) [Sololiquy vs Zyzyx - Army of Death],NM,950,,-950
https://osu.ppy.sh/beatmapsets/1625860#fruits/3319443,,xi - Last Resort (fuhie) [LASTING LEGACY: Arc Finale],NM,950,,-950
https://osu.ppy.sh/beatmapsets/1009824#fruits/2156938,,PSYQUI - Hype feat. Such (lapix Remix) (Ascendance) [Hyperion's Rain],HR,950,,-950
https://osu.ppy.sh/beatmapsets/609189#fruits/1312375,,Omoi - Chiisana Koi no Uta (Synth Rock Cover) (val0108) [Kroytz's EX EX],NM,950,,-950
https://osu.ppy.sh/beatmapsets/403282#fruits/967546,,Camellia - Routing (Shiirn) [Comfort],HR,950,,-950
https://osu.ppy.sh/beatmapsets/2281545#fruits/4864412,,#N/A,DT,950,,-950
https://osu.ppy.sh/beatmapsets/2076185#fruits/4346795,,#N/A,NM,950,,-950
https://osu.ppy.sh/beatmapsets/409649#osu/889177,,Satoshi (CV:Rica Matsumoto) - XY&Z (ktgster) [Z],NM,950,,-950
https://osu.ppy.sh/beatmapsets/2160829#fruits/4556732,,Laur - Exitium (Extended) (Mochi -) [Equilibrium],NM,945,,-945
https://osu.ppy.sh/beatmapsets/2160829#fruits/4556732,,Laur - Exitium (Extended) (Mochi -) [Equilibrium],NM,945,,-945
https://osu.ppy.sh/beatmapsets/2160829#fruits/4556732,,Laur - Exitium (Extended) (Mochi -) [Equilibrium],NM,945,,-945
https://osu.ppy.sh/beatmapsets/2352149#fruits/5062521,,UNDEAD CORPORATION - MEGALOMANIA (Vaqu) [BURN AT THE STAKE],NM,945,,-945
https://osu.ppy.sh/beatmapsets/2253719#fruits/4793840,,Ariabl'eyeS - Kegarenaki Bara Juuji (Crowley) [Rustyy & Crowley's Rosenkreuz],NM,945,,-945
https://osu.ppy.sh/beatmapsets/1235986#fruits/2569370,,Ariabl'eyeS - Keikan no Senritsu (Razor Sharp) [Catastrophe],HR,945,,-945
https://osu.ppy.sh/beatmapsets/1791101#fruits/3670321,,xi - Longinus (Jemzuu) [Dionysius],HR,945,,-945
https://osu.ppy.sh/beatmapsets/2111859#fruits/4433498,,Emiru no Aishita Tsukiyo ni Dai San Gensou Kyoku wo - ito (Spectator) [Spec Lumi's Overdose],HR,945,,-945
https://osu.ppy.sh/beatmapsets/1637105#fruits/3341088,,Lorna Shore - To the Hellfire (Daletto) [Daletto & Du5t's Final Breath],NM,942,,-942
https://osu.ppy.sh/beatmapsets/1258175#fruits/2615425,,CustomiZ - COOLEST (TV Size) (Ascendance) [BREAKFAST!!],NM,940,,-940
https://osu.ppy.sh/beatmapsets/1727167#fruits/3529698,,"Lorna Shore - Immortal (Daletto) [In death, was once beauty...]",NM,940,,-940
https://osu.ppy.sh/beatmapsets/1460413#fruits/3000775,,Silentroom vs. Frums - Aegleseeker (Jemzuu) [Beyond the Light of Deliverance],NM,940,,-940
https://osu.ppy.sh/beatmapsets/1278683#fruits/2656561,,Ayase Rie - Hijitsuzaikei Joshitachi wa Dou Surya Ii Desu ka? (-Luminate) [Deluge],HR,940,,-940
https://osu.ppy.sh/beatmapsets/1618360#fruits/3304140,,BlackY - ULT!MATE END (Deif) [Team Various Countries 3's Armageddon],NM,940,,-940
https://osu.ppy.sh/beatmapsets/928310#fruits/4943484,,Sawawa - kirakira TIME* (Bastian) [SPEC'S VIVID],HR,940,,-940
https://osu.ppy.sh/beatmapsets/928310#fruits/4943484,,Sawawa - kirakira TIME* (Bastian) [SPEC'S VIVID],HR,940,,-940
https://osu.ppy.sh/beatmapsets/2281464#fruits/4864132,,seatrus - ALiCE iN ViNEGAR SiNDROME (Bunnrei) [ESCAPE],NM,940,,-940
https://osu.ppy.sh/beatmapsets/1303098#fruits/2702395,,Morimori Atsushi - Le Cirque de Minuit (2019 Re:work) (Jemzuu) [Ornemental],HR,940,,-940
https://osu.ppy.sh/beatmapsets/1303098#fruits/2702395,,Morimori Atsushi - Le Cirque de Minuit (2019 Re:work) (Jemzuu) [Ornemental],HR,940,,-940
https://osu.ppy.sh/beatmapsets/2277450#fruits/4853620,,Aether Realm - Tarot (4rcheR-) [The Wheel of Fortune],HR,940,,-940
https://osu.ppy.sh/beatmapsets/2277450#fruits/4853620,,Aether Realm - Tarot (4rcheR-) [The Wheel of Fortune],HR,940,,-940
https://osu.ppy.sh/beatmapsets/2277450#fruits/4853620,,Aether Realm - Tarot (4rcheR-) [The Wheel of Fortune],HR,940,,-940
https://osu.ppy.sh/beatmapsets/2424147#fruits/5275996,,#N/A,HR,940,,-940
https://osu.ppy.sh/beatmapsets/1258175#fruits/2615425,,CustomiZ - COOLEST (TV Size) (Ascendance) [BREAKFAST!!],NM,940,,-940
https://osu.ppy.sh/beatmapsets/2382776#fruits/5154024,,Yousei Teikoku - Shinteki Souzou (DizzyOracel) [Divine],NM,938,,-938
https://osu.ppy.sh/beatmapsets/2287930#fruits/4881641,,Beretta Crossrain - autophobia (feat. nmk) (fayew) [Yamaarashi Tailwind],NM,935,,-935
https://osu.ppy.sh/beatmapsets/1538404#fruits/3145382,,zts - dreamenddischarger (Spectator) [truth],DT,935,,-935
https://osu.ppy.sh/beatmapsets/944317#fruits/1972150,,Chroma - I (Ascendance) [AI],NM,930,,-930
https://osu.ppy.sh/beatmapsets/2273300#fruits/4843080,,Mutsuhiko Izumi - Snow Goose (ZiRoX) [Ascendance's Ultimate],NM,930,,-930
https://osu.ppy.sh/beatmapsets/1423576#fruits/3143802,,kors k as teranoid - Bad Maniacs (Lacrima) [Spec's Leggendaria],HR,930,,-930
https://osu.ppy.sh/beatmapsets/1423576#fruits/3143802,,kors k as teranoid - Bad Maniacs (Lacrima) [Spec's Leggendaria],HR,930,,-930
https://osu.ppy.sh/beatmapsets/2333454#fruits/5007541,,II-L - COMPOSITE-NUMBER 57 (Spectator) [DELUGE],HR,930,,-930
https://osu.ppy.sh/beatmapsets/1004417#fruits/2416561,,Brian the Sun - Lonely Go! (TV Size) (Secre) [Lonely Me],DT,930,,-930
https://osu.ppy.sh/beatmapsets/1009824#fruits/2194697,,PSYQUI - Hype feat. Such (lapix Remix) (Ascendance) [Rocma's Overdose],HR,930,,-930
https://osu.ppy.sh/beatmapsets/134151#fruits/350314,,Hanatan - Airman ga Taosenai (SOUND HOLIC Ver.) (Natsu) [Yue's Rain],DT,930,,-930
https://osu.ppy.sh/beatmapsets/2119488#fruits/4470172,,Rita - dorchadas (Raijodo) [htonrahS],NM,930,,-930
https://osu.ppy.sh/beatmapsets/403282#fruits/967546,,Camellia - Routing (Shiirn) [Comfort],NM,930,,-930
https://osu.ppy.sh/beatmapsets/2023131#fruits/4218074,,#N/A,HR,930,,-930
https://osu.ppy.sh/beatmapsets/2287284#osu/4919463,,Phoneboy - Nevermind (feat. Justin Magnaye) (Nightcore Mix) (-aly) [Hayakou's Extreme],EZDT,930,,-930
https://osu.ppy.sh/beatmapsets/2287284#osu/4919463,,Phoneboy - Nevermind (feat. Justin Magnaye) (Nightcore Mix) (-aly) [Hayakou's Extreme],EZDT,930,,-930
https://osu.ppy.sh/beatmapsets/2325384#fruits/4984415,,Camellia feat. Nanahira - Hea~rt Bea~t <3 O~ver~Hea~~~~t!!!! (Ascendance) [Ascendance & Rocma's Love at First Sight],NM,925,,-925
https://osu.ppy.sh/beatmapsets/2325384#fruits/4984415,,Camellia feat. Nanahira - Hea~rt Bea~t <3 O~ver~Hea~~~~t!!!! (Ascendance) [Ascendance & Rocma's Love at First Sight],NM,925,,-925
https://osu.ppy.sh/beatmapsets/1023464#fruits/2140997,,RoughSketch - Ghost Family Living In Graveyard (Rocma) [Deluge],HR,925,,-925
https://osu.ppy.sh/beatmapsets/2432675#fruits/5305947,,#N/A,DT,925,,-925
https://osu.ppy.sh/beatmapsets/2147529#fruits/4523575,,Nashimoto Ui - AaAaAaAAaAaAAa (Cut Ver.) (Mochi -) [Loneliness],DT,920,,-920
https://osu.ppy.sh/beatmapsets/2147529#fruits/4523575,,Nashimoto Ui - AaAaAaAAaAaAAa (Cut Ver.) (Mochi -) [Loneliness],DT,920,,-920
https://osu.ppy.sh/beatmapsets/2147529#fruits/4523575,,Nashimoto Ui - AaAaAaAAaAaAAa (Cut Ver.) (Mochi -) [Loneliness],DT,920,,-920
https://osu.ppy.sh/beatmapsets/2347281#fruits/5048608,,"Synestia, Disembodied Tyrant - The Poetic Edda (feat. Ben Duerr) (Daletto) [Gjallarhorn]",NM,920,,-920
https://osu.ppy.sh/beatmapsets/2347281#fruits/5048608,,"Synestia, Disembodied Tyrant - The Poetic Edda (feat. Ben Duerr) (Daletto) [Gjallarhorn]",NM,920,,-920
https://osu.ppy.sh/beatmapsets/521900#fruits/1108507,,Kurokotei - Galaxy Collapse (CLSW) [Apocalyptic Requiem],NM,920,,-920
https://osu.ppy.sh/beatmapsets/2306377#fruits/4932054,,Noah - The end (fayew) [Finale],NM,920,,-920
https://osu.ppy.sh/beatmapsets/1831275#fruits/3758994,,MisoilePunch - MixxioN (fayew) [FINALE],NM,920,,-920
https://osu.ppy.sh/beatmapsets/1831275#fruits/3758994,,MisoilePunch - MixxioN (fayew) [FINALE],NM,920,,-920
https://osu.ppy.sh/beatmapsets/2238149#fruits/4755696,,toby fox - Last Goodbye (Nelly) [Determination],DT,920,,-920
https://osu.ppy.sh/beatmapsets/2432675#fruits/5315996,,#N/A,DT,920,,-920
https://osu.ppy.sh/beatmapsets/1125776#fruits/2911065,,Kawada Mami - Serment (Flame Haze) [Reason],HR,920,,-920
https://osu.ppy.sh/beatmapsets/1570424#osu/3392208,,Ito Kanako - Sky of Twilight (ItsWinter) [Atelier],NM,920,,-920
https://osu.ppy.sh/beatmapsets/2091433#fruits/4383635,,kanone - RAIKIRI (Xinnoh) [Ultima],HR,918,,-918
https://osu.ppy.sh/beatmapsets/2072192#fruits/4336456,,Imperial Circus Dead Decadence - Shinbatsu o Tadori Kyoukotsu ni Itaru (-Rustyy) [Nihilism],HR,915,,-915
https://osu.ppy.sh/beatmapsets/1717009#fruits/3508692,,Kucchi vs. Akki - Yakumo >>JOINT STRUGGLE (Kukkai) [Phantasm],HR,915,,-915
https://osu.ppy.sh/beatmapsets/1717009#fruits/3508692,,Kucchi vs. Akki - Yakumo >>JOINT STRUGGLE (Kukkai) [Phantasm],HR,915,,-915
https://osu.ppy.sh/beatmapsets/1717009#fruits/3508692,,Kucchi vs. Akki - Yakumo >>JOINT STRUGGLE (Kukkai) [Phantasm],HR,915,,-915
https://osu.ppy.sh/beatmapsets/2195010#fruits/4644233,,Camellia feat. Mayumi Morinaga - re:||BIRTH (Bunnrei) [Overload [12.5]],HR,915,,-915
https://osu.ppy.sh/beatmapsets/2238149#fruits/4755696,,toby fox - Last Goodbye (Nelly) [Determination],DT,915,,-915
https://osu.ppy.sh/beatmapsets/996706#fruits/2276210,,Wagakki Band - Tengaku (MaestroSplinter) [The Petals of a Now Fully Bloomed Look of Madness Adorn the World],NM,915,,-915
https://osu.ppy.sh/beatmapsets/717720#fruits/1748947,,U1 High-Speed - EGOISM 440 (Ascendance) [Crystal's Challenge],NM,912,,-912
https://osu.ppy.sh/beatmapsets/717720#fruits/1748947,,U1 High-Speed - EGOISM 440 (Ascendance) [Crystal's Challenge],NM,912,,-912
https://osu.ppy.sh/beatmapsets/1009892#fruits/2124312,,Mitsuyoshi Takenobu no Ani - Amphisbaena (Ascendance) [Mythic Another],HR,910,,-910
https://osu.ppy.sh/beatmapsets/630801#fruits/1331578,,Hanatan - If (Nelly) [Freedom],DT,910,,-910
https://osu.ppy.sh/beatmapsets/1400205#fruits/2888908,,m108 - XIII Charlotte (Du5t) [Collab Overdose],DT,910,,-910
https://osu.ppy.sh/beatmapsets/977552#osu/2045979,,umu. - humanly (Half) [humanly],NM,910,,-910
https://osu.ppy.sh/beatmapsets/2260757#fruits/4811786,,Noah - Apocalypse teller (Noctalium) [Doomsday],HR,905,,-905
https://osu.ppy.sh/beatmapsets/2260757#fruits/4811786,,Noah - Apocalypse teller (Noctalium) [Doomsday],HR,905,,-905
https://osu.ppy.sh/beatmapsets/2260757#fruits/4811786,,Noah - Apocalypse teller (Noctalium) [Doomsday],HR,905,,-905
https://osu.ppy.sh/beatmapsets/2217121#fruits/4860503,,"Rish feat. Choko - Hidari Click ga Osenai (Kukkai) [I can't use the left side of the editor~ (>w<"")]",HR,900,,-900
https://osu.ppy.sh/beatmapsets/2217121#fruits/4860503,,"Rish feat. Choko - Hidari Click ga Osenai (Kukkai) [I can't use the left side of the editor~ (>w<"")]",HR,900,,-900
https://osu.ppy.sh/beatmapsets/2217121#fruits/4860503,,"Rish feat. Choko - Hidari Click ga Osenai (Kukkai) [I can't use the left side of the editor~ (>w<"")]",HR,900,,-900
https://osu.ppy.sh/beatmapsets/2217121#fruits/4860503,,"Rish feat. Choko - Hidari Click ga Osenai (Kukkai) [I can't use the left side of the editor~ (>w<"")]",HR,900,,-900
https://osu.ppy.sh/beatmapsets/2133319#fruits/4487767,,seatrus - efchi (Jemzuu) [Jemzuu vs. Unlucky_w's Euphoric Duality],NM,900,,-900
https://osu.ppy.sh/beatmapsets/2191164#fruits/4634684,,ABSOLUTE CASTAWAY - step by step (Deif) [The other side of the smile],HR,900,,-900
https://osu.ppy.sh/beatmapsets/2243054#fruits/4767795,,YOASOBI - UNDEAD (Spectator) [Deluge],NM,900,,-900
https://osu.ppy.sh/beatmapsets/2243054#fruits/4767795,,YOASOBI - UNDEAD (Spectator) [Deluge],NM,900,,-900
https://osu.ppy.sh/beatmapsets/2243054#fruits/4767795,,YOASOBI - UNDEAD (Spectator) [Deluge],NM,900,,-900
https://osu.ppy.sh/beatmapsets/2243054#fruits/4767795,,YOASOBI - UNDEAD (Spectator) [Deluge],NM,900,,-900
https://osu.ppy.sh/beatmapsets/757470#fruits/1593485,,Nekomata Master feat.Joelle Strother - Infinity of Our Love (Sinnoh) [Serenity],HTHR,900,,-900
https://osu.ppy.sh/beatmapsets/1308842#fruits/2713369,,"Camellia - FLYING OUT TO THE SKY (covered by Nanahira, moimoi, Nana Takahashi) (Cut Ver.) (Ryuusei Aika) [FAKE DELIGHT]",HR,900,,-900
https://osu.ppy.sh/beatmapsets/1464988#fruits/3307855,,LazuLight - Diamond City Lights (Secre) [Verti's Rain],EZDT,900,,-900
https://osu.ppy.sh/beatmapsets/1116349#fruits/3023401,,Ariabl'eyeS - Kegare Naki Bara Juuji (Kujinn) [Nymphe's Sorrow Extra],NM,900,,-900
https://osu.ppy.sh/beatmapsets/1396532#fruits/2882253,,Asriel - Shiroi Yoru Hamon o Utsusu Yami (Lyruke) [Coldness of the White Night],NM,900,,-900
https://osu.ppy.sh/beatmapsets/2338848#fruits/5299790,,Imperial Circus Dead Decadence - Shinbatsu o Tadori Kyoukotsu ni Itaru (Daletto) [Daletto & Mochi's Equinox],HR,896,,-896
https://osu.ppy.sh/beatmapsets/2138425#fruits/4567016,,DECO*27 - Rabbit Hole feat. Hatsune Miku ([ Azu- ]) [VERTI'S BLAH BLAH BLAH...],HR,895,,-895
https://osu.ppy.sh/beatmapsets/2138425#fruits/4567016,,DECO*27 - Rabbit Hole feat. Hatsune Miku ([ Azu- ]) [VERTI'S BLAH BLAH BLAH...],HR,895,,-895
https://osu.ppy.sh/beatmapsets/1831275#fruits/4396251,,MisoilePunch - MixxioN (fayew) [RUSTYY'S VIVID],HR,895,,-895
https://osu.ppy.sh/beatmapsets/1939725#fruits/4010505,,[Kyoro] - Mochio- (Spectator) [Final Boss],HR,894,,-894
https://osu.ppy.sh/beatmapsets/1939725#fruits/4010505,,[Kyoro] - Mochio- (Spectator) [Final Boss],HR,894,,-894
https://osu.ppy.sh/beatmapsets/1896678#fruits/3908869,,binmode - Kyu-kulagtrain (Mniam) [Agitation],NM,890,,-890
https://osu.ppy.sh/beatmapsets/1896678#fruits/3908869,,binmode - Kyu-kulagtrain (Mniam) [Agitation],NM,890,,-890
https://osu.ppy.sh/beatmapsets/1715139#fruits/3534450,,Silentroom - XHRONOXAPSULE (Jemzuu) [LACRIMA'S EXXEED],HR,890,,-890
https://osu.ppy.sh/beatmapsets/1715139#fruits/3534450,,Silentroom - XHRONOXAPSULE (Jemzuu) [LACRIMA'S EXXEED],HR,890,,-890
https://osu.ppy.sh/beatmapsets/1625860#fruits/3356793,,xi - Last Resort (fuhie) [Joakh's VIVID],NM,890,,-890
https://osu.ppy.sh/beatmapsets/306012#fruits/965283,,#N/A,HR,890,,-890
https://osu.ppy.sh/beatmapsets/979887#fruits/2063931,,Teminite & MDK - Space Invaders (Ciyus Miapah) [Evgerable's Ultimate Massacre],NM,890,,-890
https://osu.ppy.sh/beatmapsets/1423576#fruits/2941511,,kors k as teranoid - Bad Maniacs (Lacrima) [Black Another],DT,888,,-888
https://osu.ppy.sh/beatmapsets/1423576#fruits/2941511,,kors k as teranoid - Bad Maniacs (Lacrima) [Black Another],DT,888,,-888
https://osu.ppy.sh/beatmapsets/1897440#fruits/4436280,,SAMString - Akarui Taiyo (autofanboy) [Team Europe's Luminous],NM,885,,-885
https://osu.ppy.sh/beatmapsets/2330293#fruits/4998281,,#N/A,NM,880,,-880
https://osu.ppy.sh/beatmapsets/2330293#fruits/4998281,,#N/A,NM,880,,-880
https://osu.ppy.sh/beatmapsets/1726388#fruits/3528086,,Kuki Akumu - AAAA Chazuke Gang (Kukkai) [Best Friends],HR,880,,-880
https://osu.ppy.sh/beatmapsets/2135628#fruits/4493766,,Xi - Rokujuu-nen Me no Shinsoku Saiban ~ Rapidity is a justice (-Aku) [Road of Resistance],HR,880,,-880
https://osu.ppy.sh/beatmapsets/2135628#fruits/4493766,,Xi - Rokujuu-nen Me no Shinsoku Saiban ~ Rapidity is a justice (-Aku) [Road of Resistance],HR,880,,-880
https://osu.ppy.sh/beatmapsets/2238952#fruits/4757956,,Nanahoshi Kangengakudan - Rubik's Cube (Spectator) [Deluge],NM,880,,-880
https://osu.ppy.sh/beatmapsets/2238952#fruits/4757956,,Nanahoshi Kangengakudan - Rubik's Cube (Spectator) [Deluge],NM,880,,-880
https://osu.ppy.sh/beatmapsets/2330293#fruits/4998281,,#N/A,NM,880,,-880
https://osu.ppy.sh/beatmapsets/2330293#fruits/4998281,,#N/A,NM,880,,-880
https://osu.ppy.sh/beatmapsets/833719#fruits/1746414,,FOLiACETATE - Heterochromia Iridis (Deif) [o_O],HR,875,,-875
https://osu.ppy.sh/beatmapsets/990553#fruits/2071913,,Ne Obliviscaris - And Plague Flowers The Kaleidoscope (Razor Sharp) [Kings of Emptiness],NM,875,,-875
https://osu.ppy.sh/beatmapsets/1233114#fruits/2563508,,HyuN feat. LyuU - Cross Over (Razor Sharp) [Parallel],HR,875,,-875
https://osu.ppy.sh/beatmapsets/2432675#fruits/5300464,,#N/A,DT,875,,-875
https://osu.ppy.sh/beatmapsets/1178513#fruits/2457743,,RINYA.G - disinteGration (Bunnrei) [Collapse of the World Machine],NM,870,,-870
https://osu.ppy.sh/beatmapsets/2398246#fruits/5197154,,WINTERHORDE - Worms of Soul (mieldeprairie) [Somatic Delusions],HR,870,,-870
https://osu.ppy.sh/beatmapsets/1835637#fruits/3784250,,"""Shikkoku"" no Datenshi ""Gram"" vs. ""Seikoku"" no Shitenshi ""Gram"" - eden (Verti) [Rustyy's Deluge]",HR,870,,-870
https://osu.ppy.sh/beatmapsets/1338796#fruits/2968267,,uma vs. Morimori Atsushi - Re:End of a Dream (GIGACHAD) [NOSURI'S HEAVENLY],HR,870,,-870
https://osu.ppy.sh/beatmapsets/1338796#fruits/2968267,,uma vs. Morimori Atsushi - Re:End of a Dream (GIGACHAD) [NOSURI'S HEAVENLY],HR,870,,-870
https://osu.ppy.sh/beatmapsets/1338796#fruits/2968267,,uma vs. Morimori Atsushi - Re:End of a Dream (GIGACHAD) [NOSURI'S HEAVENLY],HR,870,,-870
https://osu.ppy.sh/beatmapsets/1773145#fruits/3630406,,"IT LIVES & Dr. Ushuu - Never Alone (ReeK's ""Hitorijanai"" Remix) (dedotikea) [ONE BY ONE]",NM,870,,-870
https://osu.ppy.sh/beatmapsets/2212386#fruits/4686910,,Lime - Pixel Planet (Spectator) [Collab Deluge],HR,870,,-870
https://osu.ppy.sh/beatmapsets/2165226#fruits/4887826,,tn-shi - Annihilation in F# Minor (Jemzuu) [Mochi's Deluge],HR,870,,-870
https://osu.ppy.sh/beatmapsets/1503349#fruits/3081237,,sak + wellow - #curtaincall (Rocma) [#overdose],DT,870,,-870
https://osu.ppy.sh/beatmapsets/1894080#fruits/3903219,,DJ SHARPNEL - FAKE PROMISE (browiec) [ULTIMATE NISEMONO],NM,870,,-870
https://osu.ppy.sh/beatmapsets/1707590#fruits/3992816,,Camellia feat. Nanahira - Kizuitara Shunkashuutou (Cut Ver.) (WinterBird) [Ultra],NM,870,,-870
https://osu.ppy.sh/beatmapsets/1116349#osu/3023401,,Ariabl'eyeS - Kegare Naki Bara Juuji (Kujinn) [Nymphe's Sorrow Extra],NM,870,,-870
https://osu.ppy.sh/beatmapsets/432720#fruits/933017,,Tatsh - IMAGE -MATERIAL- <Version 0> (CLSW) [Envision],HR,868,,-868
https://osu.ppy.sh/beatmapsets/1087679#fruits/2427950,,Negentropy (a.k.a. Team Grimoire) - ouroVoros (autofanboy) [neVermore],HR,866,,-866
https://osu.ppy.sh/beatmapsets/2202800#fruits/4662258,,AngelMaker - What I Would Give (Daletto) [I long to see you...],NM,865,,-865
https://osu.ppy.sh/beatmapsets/1976818#fruits/4103533,,"Camellia - FLYING OUT TO THE SKY (covered by Nanahira, moimoi, Nana Takahashi) (Verti) [The Night Dawns and the Flames Burn]",NM,865,,-865
https://osu.ppy.sh/beatmapsets/2321556#fruits/4973774,,Kuroneko Dungeon - Ryuu to Shoujo to Decoherence ([ Azu- ]) [LEGEND],HR,865,,-865
https://osu.ppy.sh/beatmapsets/2321556#fruits/4973774,,Kuroneko Dungeon - Ryuu to Shoujo to Decoherence ([ Azu- ]) [LEGEND],HR,865,,-865
https://osu.ppy.sh/beatmapsets/1897440#fruits/3910645,,SAMString - Akarui Taiyo (autofanboy) [Team Hong Kong's Optimism],NM,865,,-865
https://osu.ppy.sh/beatmapsets/2180848#fruits/4607010,,"Nanahoshi Kangengakudan feat. Matsushita - Dance Number o Tomo ni (Verti) [Shall we dance together, you and I?]",NM,865,,-865
https://osu.ppy.sh/beatmapsets/1518662#fruits/3108717,,kamome sano Electric Orchestra - FIN4LE ~Shuushisen no Kanata e~ ([_-Kukkai-_]) [FINAL],HR,865,,-865
https://osu.ppy.sh/beatmapsets/1518662#fruits/3108717,,kamome sano Electric Orchestra - FIN4LE ~Shuushisen no Kanata e~ ([_-Kukkai-_]) [FINAL],HR,865,,-865
https://osu.ppy.sh/beatmapsets/1213868#fruits/2526354,,Laur - PRISTINE (Secre) [Terminus],NM,865,,-865
https://osu.ppy.sh/beatmapsets/1213868#fruits/2526354,,Laur - PRISTINE (Secre) [Terminus],NM,865,,-865
https://osu.ppy.sh/beatmapsets/1161953#fruits/2424030,,Shiggy Jr. - oyasumi (Secre) [Good Night],DT,865,,-865
https://osu.ppy.sh/beatmapsets/885923#fruits/1851537,,Camellia - The King Of Lions (Regou) [OUTRAGE],NM,865,,-865
https://osu.ppy.sh/beatmapsets/2380696#fruits/5146241,,Minstrel - today is the day (Bunnrei) [June 1 (feat. Spec)],HR,863,,-863
https://osu.ppy.sh/beatmapsets/928515#fruits/1939410,,Gram vs. Camellia - Ragnarok (Bunnrei) [Denouement],NM,862,,-862
https://osu.ppy.sh/beatmapsets/1404850#fruits/2897334,,Hino Isuka - Dreamin' attraction!! (Jemzuu) [Adventure!!],NM,861,,-861
https://osu.ppy.sh/beatmapsets/628101#fruits/1324298,,BlackYooh vs. siromaru - BLACK or WHITE? (Minato Yukina) [Final Showdown],NM,860,,-860
https://osu.ppy.sh/beatmapsets/1471275#fruits/3020497,,Fleshgod Apocalypse - In Aeternum (Daletto) [Daletto & Du5t's Giudizio Divino],NM,860,,-860
https://osu.ppy.sh/beatmapsets/2017836#fruits/4257325,,uma vs. Morimori Atsushi - Re: End of a Dream (long ver.) (Stardust Prism) [Stardu5t's New Reality],NM,860,,-860
https://osu.ppy.sh/beatmapsets/697012#fruits/4571550,,tofubeats - CANDYYYLAND feat. LIZ (Pa's Lam System Remix) (Kukkai) [Sweet Surrender],HR,860,,-860
https://osu.ppy.sh/beatmapsets/727329#fruits/1535572,,TERRASPEX - AMAZING BREAK (Spectator) [KYUARE SPEC'S INVASION],HR,860,,-860
https://osu.ppy.sh/beatmapsets/1123002#fruits/4436876,,MY FIRST STORY - 2 FACE (Bastian) [Vaqu's Overdose],DT,860,,-860
https://osu.ppy.sh/beatmapsets/1099717#fruits/4147695,,ViViD - HIKARI (TV Size) (Bastian) [Secre's Overdose],DT,860,,-860
https://osu.ppy.sh/beatmapsets/1110955#fruits/2321247,,Raccoon Factory - Hyperion (JBHyperion) [Armageddon],HR,860,,-860
https://osu.ppy.sh/beatmapsets/560389#fruits/1185036,,Primary - Inai Sekai (Lasse) [Regret],NM,860,,-860
https://osu.ppy.sh/beatmapsets/1087679#fruits/2427950,,Negentropy (a.k.a. Team Grimoire) - ouroVoros (autofanboy) [neVermore],HR,857,,-857
https://osu.ppy.sh/beatmapsets/2278996#fruits/4857647,,Kaneko Chiharu - <<Re:miniscence>> (Daletto) [HEAVENLY],HR,857,,-857
https://osu.ppy.sh/beatmapsets/2239329#fruits/4758813,,"Synestia, Disembodied Tyrant - I, The Devourer (Daletto) [Where is your throne, lord?]",NM,856,,-856
https://osu.ppy.sh/beatmapsets/2384844#fruits/5156881,,DragonForce - Valley of the Damned (CTBWhiteCat) [Apocalypse],HR,855,,-855
https://osu.ppy.sh/beatmapsets/2077934#fruits/4351009,,Kawada Mami - Serment (Secre) [Deluge],HR,855,,-855
https://osu.ppy.sh/beatmapsets/1141606#fruits/2598933,,Swimy - Acchi Muite (FuJu) [Kowari's Extra],EZDT,855,,-855
https://osu.ppy.sh/beatmapsets/2198786#fruits/4653094,,"25-ji, Nightcord de. x Hatsune Miku - Gehenna (-Rustyy) [Rustyy & Mochi's Hopelessness]",NM,853,,-853
https://osu.ppy.sh/beatmapsets/2198786#fruits/4653094,,"25-ji, Nightcord de. x Hatsune Miku - Gehenna (-Rustyy) [Rustyy & Mochi's Hopelessness]",NM,853,,-853
https://osu.ppy.sh/beatmapsets/2198786#fruits/4653094,,"25-ji, Nightcord de. x Hatsune Miku - Gehenna (-Rustyy) [Rustyy & Mochi's Hopelessness]",NM,853,,-853
https://osu.ppy.sh/beatmapsets/1800329#fruits/3690920,,xi - FREEDOM DiVE (Kukkai) [FRUiT DiMENSiON],NM,850,,-850
https://osu.ppy.sh/beatmapsets/1338796#fruits/2796822,,uma vs. Morimori Atsushi - Re:End of a Dream (GIGACHAD) [ASCENDANCE'S HEAVENLY],HR,850,,-850
https://osu.ppy.sh/beatmapsets/1079909#fruits/2813055,,technoplanet - Fly Like You [Long Version] ([ TNTlealu ]) [Crystal's HEAVENLY],HR,850,,-850
https://osu.ppy.sh/beatmapsets/1079909#fruits/2813055,,technoplanet - Fly Like You [Long Version] ([ TNTlealu ]) [Crystal's HEAVENLY],HR,850,,-850
https://osu.ppy.sh/beatmapsets/1610127#fruits/3288956,,MIOYAMAZAKI - Noise (TV Size) (zerokt) [Secre's Goodbye],DT,850,,-850
https://osu.ppy.sh/beatmapsets/1610127#fruits/3288956,,MIOYAMAZAKI - Noise (TV Size) (zerokt) [Secre's Goodbye],DT,850,,-850
https://osu.ppy.sh/beatmapsets/1610127#fruits/3288956,,MIOYAMAZAKI - Noise (TV Size) (zerokt) [Secre's Goodbye],DT,850,,-850
https://osu.ppy.sh/beatmapsets/1615177#fruits/3690393,,Silver Forest - Tsurupettan (Game Ver.) (Bloxi) [UberFazz's Watermelon Extra],DT,850,,-850
https://osu.ppy.sh/beatmapsets/1615177#fruits/3690393,,Silver Forest - Tsurupettan (Game Ver.) (Bloxi) [UberFazz's Watermelon Extra],DT,850,,-850
https://osu.ppy.sh/beatmapsets/1615177#fruits/3690393,,Silver Forest - Tsurupettan (Game Ver.) (Bloxi) [UberFazz's Watermelon Extra],DT,850,,-850
https://osu.ppy.sh/beatmapsets/500858#fruits/1065884,,BLACKPINK - BOOMBAYAH (Natsu) [OPPA],NM,850,,-850
https://osu.ppy.sh/beatmapsets/1816401#fruits/3726356,,Gram vs. Yooh - Apocalypse (Jemzuu) [Armageddon],HR,849,,-849
https://osu.ppy.sh/beatmapsets/1816401#fruits/3726356,,Gram vs. Yooh - Apocalypse (Jemzuu) [Armageddon],HR,849,,-849
https://osu.ppy.sh/beatmapsets/841569#fruits/1761160,,Five Hammer - fffff (Ascendance) [EX],HR,848,,-848
https://osu.ppy.sh/beatmapsets/841569#fruits/1761160,,Five Hammer - fffff (Ascendance) [EX],HR,848,,-848
https://osu.ppy.sh/beatmapsets/2292175#fruits/4908643,,jun with Alison - SUNKiSS <3 DROP ~jun Side~ (Ascendance) [TRENT'S CHALLENGE],HR,846,,-846
https://osu.ppy.sh/beatmapsets/670745#fruits/1418448,,Chihara Minori - SELF PRODUCER (Ymiir) [Lust],HR,846,,-846
https://osu.ppy.sh/beatmapsets/1506932#fruits/3086528,,Noah - Deadly force - Put an end (Verti) [The End of the World],NM,845,,-845
https://osu.ppy.sh/beatmapsets/1506932#fruits/3086528,,Noah - Deadly force - Put an end (Verti) [The End of the World],NM,845,,-845
https://osu.ppy.sh/beatmapsets/2106026#fruits/4419132,,UNDEAD CORPORATION - Embraced by the Flame (-Joakh) [Inferno Demonlord],HR,845,,-845
https://osu.ppy.sh/beatmapsets/1835637#fruits/3768648,,"""Shikkoku"" no Datenshi ""Gram"" vs. ""Seikoku"" no Shitenshi ""Gram"" - eden (Verti) [Paradise]",HR,843,,-843
https://osu.ppy.sh/beatmapsets/928310#fruits/4943510,,Sawawa - kirakira TIME* (Bastian) [ASCENDANCE'S EXCEED],NM,840,,-840
https://osu.ppy.sh/beatmapsets/928310#fruits/4943510,,Sawawa - kirakira TIME* (Bastian) [ASCENDANCE'S EXCEED],NM,840,,-840
https://osu.ppy.sh/beatmapsets/2425289#fruits/5279259,,tn-shi - Heart Factorisation (Spectator) [Prime Love],NM,840,,-840
https://osu.ppy.sh/beatmapsets/2278996#fruits/4869035,,Kaneko Chiharu - <<Re:miniscence>> (Daletto) [RUSTYY'S VIVID],NM,840,,-840
https://osu.ppy.sh/beatmapsets/1717748#fruits/3616539,,Rish feat. Choko - Tanaka (Kukkai) [R-34's Katana],HR,836,,-836
https://osu.ppy.sh/beatmapsets/2138675#fruits/4501009,,"Aether Realm - The Sun, The Moon, The Star (4rcheR-) [ArcheR & Verti's Tale of Tragedy]",NM,835,,-835
https://osu.ppy.sh/beatmapsets/2138675#fruits/4501009,,"Aether Realm - The Sun, The Moon, The Star (4rcheR-) [ArcheR & Verti's Tale of Tragedy]",NM,835,,-835
https://osu.ppy.sh/beatmapsets/2391746#fruits/5177625,,Camellia feat. Nanahira - Shakunetsu Candle Master (Mochi -) [Mochi & Kukkai's Burning Heart ! !],HR,835,,-835
https://osu.ppy.sh/beatmapsets/2238899#fruits/4757748,,DragonForce - Fallen World (Ascendance) [Endless Battle for the Remnants of Our World],NM,835,,-835
https://osu.ppy.sh/beatmapsets/17744#fruits/328412,,KOTOKO - Wing my way (ZHSteven) [Hell-Jumping],HR,835,,-835
https://osu.ppy.sh/beatmapsets/2038527#fruits/4251903,,Oreore-Usagi - Drain ReD rain (-Joakh) [Forsake This Despair ft. Rustyy],NM,830,,-830
https://osu.ppy.sh/beatmapsets/2261437#fruits/4813299,,Gardens - Crimson Reflection (el raton) [Scattered],NM,830,,-830
https://osu.ppy.sh/beatmapsets/1688341#fruits/3450339,,Srav3R vs. Getty - DUAL BREAKER XX (Jemzuu) [ULTRA],HR,830,,-830
https://osu.ppy.sh/beatmapsets/1497299#fruits/3069091,,sabi - true DJ MAG top ranker's song Zenpen (katagiri Remix) (Dika312) [KEMOMIMI CTB SQUAD],NM,830,,-830
https://osu.ppy.sh/beatmapsets/1161953#fruits/2424030,,Shiggy Jr. - oyasumi (Secre) [Good Night],DT,830,,-830
https://osu.ppy.sh/beatmapsets/1872054#fruits/3851850,,Yamajet feat. Hiura Masako - Sunglow (Share) [Share & Kuki's Euphony],HR,830,,-830
https://osu.ppy.sh/beatmapsets/1065834#fruits/2269172,,Harada Hitomi - Overdrive (Fall) [Reform's Expert],DT,830,,-830
https://osu.ppy.sh/beatmapsets/295647#fruits/664095,,Jerico - Industrial Nation (Kloyd) [Made in Korea],HR,830,,-830
https://osu.ppy.sh/beatmapsets/2004114#fruits/4167727,,lapix - You're Beautiful (Mniam) [GG Yummy Tammy's Mesmerizing Collaboration],NM,827,,-827
https://osu.ppy.sh/beatmapsets/1804215#fruits/4713802,,P*Light - SAtAN (Undead Alice) [Noctalium's IMMORTAL],NM,826,,-826
https://osu.ppy.sh/beatmapsets/1447060#fruits/2975903,,Denkishiki Karen Ongaku Shuudan - Gareki no Yume (-Luminate) [Nightmare],HR,826,,-826
https://osu.ppy.sh/beatmapsets/1447060#fruits/2975903,,Denkishiki Karen Ongaku Shuudan - Gareki no Yume (-Luminate) [Nightmare],HR,826,,-826
https://osu.ppy.sh/beatmapsets/1078698#fruits/2257056,,Kabocha - EmbryO (Ascendance) [CATASTROPHE],NM,825,,-825
https://osu.ppy.sh/beatmapsets/1078698#fruits/2257056,,Kabocha - EmbryO (Ascendance) [CATASTROPHE],NM,825,,-825
https://osu.ppy.sh/beatmapsets/1078698#fruits/2257056,,Kabocha - EmbryO (Ascendance) [CATASTROPHE],NM,825,,-825
https://osu.ppy.sh/beatmapsets/1078698#fruits/2257056,,Kabocha - EmbryO (Ascendance) [CATASTROPHE],NM,825,,-825
https://osu.ppy.sh/beatmapsets/1763100#fruits/3608702,,MisoilePunch ~pan soe~ - MeTear'n TruX (Verti) [Falling Star],HR,825,,-825
https://osu.ppy.sh/beatmapsets/1880072#fruits/3870421,,Kikuo - Yousei no Kiri (Vararaup) [Damnjelly's Magical],DT,825,,-825
https://osu.ppy.sh/beatmapsets/1880072#fruits/3870421,,Kikuo - Yousei no Kiri (Vararaup) [Damnjelly's Magical],DT,825,,-825
https://osu.ppy.sh/beatmapsets/2278448#fruits/4856296,,Sparxe - Switcheroo (Kukkai) [Lunatic],NM,824,,-824
https://osu.ppy.sh/beatmapsets/1038635#fruits/2171121,,toby fox - MEGALOVANIA (Camellia Remix) (Minato Yukina) [do you wanna have a bad time?],NM,820,,-820
https://osu.ppy.sh/beatmapsets/717720#fruits/1516127,,U1 High-Speed - EGOISM 440 (Ascendance) [Double Challenge],NM,820,,-820
https://osu.ppy.sh/beatmapsets/1831275#fruits/4417095,,MisoilePunch - MixxioN (fayew) [GRAVITY],NM,820,,-820
https://osu.ppy.sh/beatmapsets/1831275#fruits/4417095,,MisoilePunch - MixxioN (fayew) [GRAVITY],NM,820,,-820
https://osu.ppy.sh/beatmapsets/1258175#fruits/2615429,,CustomiZ - COOLEST (TV Size) (Ascendance) [SPEC'S OVERDOSE],HR,820,,-820
https://osu.ppy.sh/beatmapsets/2198800#fruits/4653119,,ARForest - The Last Page (Ascendance) [Final Chapter],DT,820,,-820
https://osu.ppy.sh/beatmapsets/2144106#fruits/4514464,,"Kanye West - Stronger (Secre) [Harder, Better, Faster]",DT,820,,-820
https://osu.ppy.sh/beatmapsets/2144106#fruits/4514464,,"Kanye West - Stronger (Secre) [Harder, Better, Faster]",DT,820,,-820
https://osu.ppy.sh/beatmapsets/936698#fruits/1995061,,sana - Packet Hero (DeRandom Otaku) [Sotarks' Yowasa],HR,820,,-820
https://osu.ppy.sh/beatmapsets/983911#fruits/2118443,,S3RL - Bass Slut (Original Mix) (Fatfan Kolek) [Reform's Filthy Expert],DT,820,,-820
https://osu.ppy.sh/beatmapsets/699819#fruits/1500058,,nao - Towa naru Kizuna to Omoi no Kiseki (PinkHeart) [1112's Extra],HR,820,,-820
https://osu.ppy.sh/beatmapsets/183267#fruits/439135,,nmk - sola (sjoy) [Extra],HR,820,,-820
https://osu.ppy.sh/beatmapsets/1268341#fruits/2635967,,Cascada - What Hurts The Most (Nightcore Mix) (n0ah) [Pain!],DT,818,,-818
https://osu.ppy.sh/beatmapsets/1728550#fruits/3532456,,xi - Blue Zenith (Verti) [When You See It],HR,815,,-815
https://osu.ppy.sh/beatmapsets/1728550#fruits/3532456,,xi - Blue Zenith (Verti) [When You See It],HR,815,,-815
https://osu.ppy.sh/beatmapsets/963873#fruits/2017981,,Linked Horizon - Shoukei to Shikabane no Michi (TV Size) (Ascendance) [Requiem],DT,815,,-815
https://osu.ppy.sh/beatmapsets/2297863#fruits/4908620,,SDMNE - Beyond The Aexis (Vaqu) [Ethereal Sublimation],NM,812,,-812
https://osu.ppy.sh/beatmapsets/2425289#fruits/5361463,,tn-shi - Heart Factorisation (Spectator) [Ken's Deluge],NM,810,,-810
https://osu.ppy.sh/beatmapsets/2233104#fruits/4741841,,Xyris - Nefelibata (-Rustyy) [Fairytale],NM,810,,-810
https://osu.ppy.sh/beatmapsets/1939725#fruits/4010505,,[Kyoro] - Mochio- (Spectator) [Final Boss],NM,810,,-810
https://osu.ppy.sh/beatmapsets/1939725#fruits/4010505,,[Kyoro] - Mochio- (Spectator) [Final Boss],NM,810,,-810
https://osu.ppy.sh/beatmapsets/416153#fruits/979547,,Remo Prototype[CV: Hanamori Yumiri] - Sendan Life (Lami) [StarR's Extra],HR,810,,-810
https://osu.ppy.sh/beatmapsets/2278272#fruits/4855790,,Camellia feat. Nanahira - Touryouka (Mochi -) [Mochi & Kukkai's Beyond the Blue Sky],NM,809,,-809
https://osu.ppy.sh/beatmapsets/2292823#fruits/4895761,,"HOYO-MiX - Arlecchino: Lullaby (Lusumi's Hardcore Bootleg) (Daletto) [""From This Day On, We Shall Delight in New Life Together.""]",HR,805,,-805
https://osu.ppy.sh/beatmapsets/1672890#fruits/3473205,,Azuna Riko - keep weaving your spider way (TV Size) (Secre) [Overdose],DT,805,,-805
https://osu.ppy.sh/beatmapsets/1717748#fruits/3510391,,Rish feat. Choko - Tanaka (Kukkai) [Tanaka],HR,800,,-800
https://osu.ppy.sh/beatmapsets/1794186#fruits/3677168,,Shadow Of Intent - The Return (Daletto) [A living body so I can embrace and rejoice...],NM,800,,-800
https://osu.ppy.sh/beatmapsets/1794186#fruits/3677168,,Shadow Of Intent - The Return (Daletto) [A living body so I can embrace and rejoice...],NM,800,,-800
https://osu.ppy.sh/beatmapsets/963383#fruits/3760455,,Loctek - Summer CarnivaL (Kukkai) [SplasH],NM,800,,-800
https://osu.ppy.sh/beatmapsets/1625860#fruits/3330168,,xi - Last Resort (fuhie) [Verti's GRAVITY],HR,800,,-800
https://osu.ppy.sh/beatmapsets/1516269#fruits/3104122,,yanaginagi - Tokohana (Secre) [Pestilence],DT,800,,-800
https://osu.ppy.sh/beatmapsets/1516269#fruits/3104122,,yanaginagi - Tokohana (Secre) [Pestilence],DT,800,,-800
https://osu.ppy.sh/beatmapsets/1247857#fruits/2593620,,Various Artists - Songs Compilation IV (Sotarks) [Marathon],NM,800,,-800
https://osu.ppy.sh/beatmapsets/1727694#osu/3530608,,Toromaru - Formless Canvas (DeviousPanda) [Virtuoso],HTHR,800,,-800
https://osu.ppy.sh/beatmapsets/2465411#fruits/5396873,,#N/A,NM,800,,-800
https://osu.ppy.sh/beatmapsets/1970946#fruits/4089492,,Good Kid - Slingshot (Chatie) [Overdose],EZ,800,,-800
https://osu.ppy.sh/beatmapsets/2091778#fruits/4384633,,Nanahoshi Kangengakudan feat. Hatsune Miku - No.39 (Petal) [No.01],NM,800,,-800
https://osu.ppy.sh/beatmapsets/1958376#fruits/4057321,,Ashrount - Bleary Vagary (Jemzuu) [Ultra],NM,795,,-795
https://osu.ppy.sh/beatmapsets/1018035#fruits/2130532,,Selphius - Los! Los! Los! (Daletto) [Absolute Ausrottung!],HR,795,,-795
https://osu.ppy.sh/beatmapsets/1715139#fruits/3534450,,Silentroom - XHRONOXAPSULE (Jemzuu) [LACRIMA'S EXXEED],NM,795,,-795
https://osu.ppy.sh/beatmapsets/1715139#fruits/3534450,,Silentroom - XHRONOXAPSULE (Jemzuu) [LACRIMA'S EXXEED],NM,795,,-795
https://osu.ppy.sh/beatmapsets/2286511#fruits/4877768,,"JO*STARS ~TOMMY, Coda, JIN~ - JoJo Sono Chi no Kioku ~end of THE WORLD~ (Ascendance) [CTB*STARS ~DECISIVE BATTLE BETWEEN GOOD AND EVIL~]",HR,790,,-790
https://osu.ppy.sh/beatmapsets/1432240#fruits/2947842,,Zekk - Duplication (Jemzuu) [Duplication],NM,790,,-790
https://osu.ppy.sh/beatmapsets/2279578#fruits/4858988,,Kano - Walk This Way! (Vaqu) [Left Right Up Down!],HR,790,,-790
https://osu.ppy.sh/beatmapsets/1966337#fruits/4113899,,Down - Yamangomcpro6th (zerokt) [Secre's Massacre],HR,790,,-790
https://osu.ppy.sh/beatmapsets/1966337#fruits/4113899,,Down - Yamangomcpro6th (zerokt) [Secre's Massacre],HR,790,,-790
https://osu.ppy.sh/beatmapsets/1966337#fruits/4113899,,Down - Yamangomcpro6th (zerokt) [Secre's Massacre],HR,790,,-790
https://osu.ppy.sh/beatmapsets/873024#fruits/1824907,,Hanatan - Jishou Mushoku (chickenbible) [Smile],DT,790,,-790
https://osu.ppy.sh/beatmapsets/873024#fruits/1824907,,Hanatan - Jishou Mushoku (chickenbible) [Smile],DT,790,,-790
https://osu.ppy.sh/beatmapsets/873024#fruits/1824907,,Hanatan - Jishou Mushoku (chickenbible) [Smile],DT,790,,-790
https://osu.ppy.sh/beatmapsets/497942#fruits/1059894,,mimimemeMIMI - Harebare Fanfare (Luna-) [Bright & Cheerful],DT,790,,-790
https://osu.ppy.sh/beatmapsets/2272508#fruits/4840939,,B-ko (CV: Toyama Nao) - Nisemono Chuuihou (Verti) [Paradox],NM,790,,-790
https://osu.ppy.sh/beatmapsets/2272508#fruits/4840939,,B-ko (CV: Toyama Nao) - Nisemono Chuuihou (Verti) [Paradox],NM,790,,-790
https://osu.ppy.sh/beatmapsets/2272508#fruits/4840939,,B-ko (CV: Toyama Nao) - Nisemono Chuuihou (Verti) [Paradox],NM,790,,-790
https://osu.ppy.sh/beatmapsets/2272508#fruits/4840939,,B-ko (CV: Toyama Nao) - Nisemono Chuuihou (Verti) [Paradox],NM,790,,-790
https://osu.ppy.sh/beatmapsets/1643232#fruits/3354104,,Ice - Parodia Sonatina -Grande- (Ascendance) [Ascenzuu's Grand Finale],NM,788,,-788
https://osu.ppy.sh/beatmapsets/1278046#fruits/2674095,,xi - Titania (Jemzuu) [Rocma's Deluge],NM,785,,-785
https://osu.ppy.sh/beatmapsets/2318075#fruits/4964669,,siinamota feat. Kagamine Rin - Shoujo A (Ascendance) [!],HR,785,,-785
https://osu.ppy.sh/beatmapsets/1543977#fruits/3178954,,Nekomata Master+ - chaos eater -IIDX edition- (Spectator) [Rei's Deluge],HR,785,,-785
https://osu.ppy.sh/beatmapsets/1625860#fruits/3322944,,xi - Last Resort (fuhie) [Sinnoh's HEAVENLY],HR,785,,-785
https://osu.ppy.sh/beatmapsets/2306814#fruits/4933334,,Demetori - Shinkou wa Hakanaki Ningen no Tame ni ~ Jehovah's YaHVeH (-Rustyy) [The Story of Eastern Wonderland],HR,780,,-780
https://osu.ppy.sh/beatmapsets/1558024#fruits/3182677,,Shade - Ontology (Spectator) [Deluge],HR,780,,-780
https://osu.ppy.sh/beatmapsets/1715139#fruits/3539116,,Silentroom - XHRONOXAPSULE (Jemzuu) [JOAKH'S VIVID],HR,780,,-780
https://osu.ppy.sh/beatmapsets/1715139#fruits/3539116,,Silentroom - XHRONOXAPSULE (Jemzuu) [JOAKH'S VIVID],HR,780,,-780
https://osu.ppy.sh/beatmapsets/1715139#fruits/3517699,,Silentroom - XHRONOXAPSULE (Jemzuu) [DIKA312'S HEAVENLY],HR,780,,-780
https://osu.ppy.sh/beatmapsets/1715139#fruits/3517699,,Silentroom - XHRONOXAPSULE (Jemzuu) [DIKA312'S HEAVENLY],HR,780,,-780
https://osu.ppy.sh/beatmapsets/1715139#fruits/3517699,,Silentroom - XHRONOXAPSULE (Jemzuu) [DIKA312'S HEAVENLY],HR,780,,-780
https://osu.ppy.sh/beatmapsets/1328918#fruits/3029497,,Kobaryo - Theme for Psychopath Justice (Razor Sharp) [Joakh & Razor's Deluge],NM,780,,-780
https://osu.ppy.sh/beatmapsets/2371021#fruits/5145164,,#N/A,NM,780,,-780
https://osu.ppy.sh/beatmapsets/319791#fruits/816453,,Himeringo - Kodoku no Kakurenbo (Asahina Momoko) [Horror],NM,780,,-780
https://osu.ppy.sh/beatmapsets/1617030#fruits/4429267,,BLANKFIELD - Voyage (Kukkai) [Extra Stage],NM,777,,-777
https://osu.ppy.sh/beatmapsets/1541749#fruits/3151535,,Kaneko Chiharu - Lachryma <Re:Queen'M> (Lacrima) [REQUIEM],HR,775,,-775
https://osu.ppy.sh/beatmapsets/1543977#fruits/3155847,,Nekomata Master+ - chaos eater -IIDX edition- (Spectator) [Ultra],NM,775,,-775
https://osu.ppy.sh/beatmapsets/1082702#fruits/5020109,,Hanatan - Ghost Rule (BadGames) [kowari's Extreme],NM,775,,-775
https://osu.ppy.sh/beatmapsets/2208037#fruits/4966213,,Gekidan Hitotose - Curtain Call!!!!! (TV Size) (Kukkai) [Ascendance's Ultimate!!!!!],HR,773,,-773
https://osu.ppy.sh/beatmapsets/1541749#fruits/3173348,,Kaneko Chiharu - Lachryma <Re:Queen'M> (Lacrima) [SPEC'S GRAVITY],HR,770,,-770
https://osu.ppy.sh/beatmapsets/2230743#fruits/4734221,,"Kikuo - Aishite Aishite Aishite (Mochi -) [It's painful, it hurts.]",NM,770,,-770
https://osu.ppy.sh/beatmapsets/1514014#fruits/3099695,,Project Grimoire - Excalibur ~Revived resolution~ (Souvenir) [~Legendary Sword~],HR,770,,-770
https://osu.ppy.sh/beatmapsets/1715139#fruits/3504486,,Silentroom - XHRONOXAPSULE (Jemzuu) [ROCMA'S XRONIXLE],HTHR,770,,-770
https://osu.ppy.sh/beatmapsets/516126#fruits/1095893,,sana - Songs Compilation ([C u r i]) [Love],NM,770,,-770
https://osu.ppy.sh/beatmapsets/668888#fruits/1414928,,Memme - Sky of the Ocean (Syph) [Air of the Sea.],NM,770,,-770
https://osu.ppy.sh/beatmapsets/914242#fruits/1909555,,Kano - Walk This Way! (Sotarks) [Ultra],NM,770,,-770
https://osu.ppy.sh/beatmapsets/914242#fruits/1909555,,Kano - Walk This Way! (Sotarks) [Ultra],NM,770,,-770
https://osu.ppy.sh/beatmapsets/30581#fruits/100880,,Refresh - Summertime (ekowraith remix) (AndreasHD) [Insane],DT,770,,-770
https://osu.ppy.sh/beatmapsets/30581#fruits/100880,,Refresh - Summertime (ekowraith remix) (AndreasHD) [Insane],DT,770,,-770
https://osu.ppy.sh/beatmapsets/2230846#fruits/4763600,,Primary - Inai Sekai (sstari) [Extreme],NM,770,,-770
https://osu.ppy.sh/beatmapsets/1955965#fruits/4157494,,Doma Umaru (CV: Tanaka Aimi) - Kakushinteki*Metamaruphose! (Amamya) [buckfro & Amamya's Laziness],NM,770,,-770
https://osu.ppy.sh/beatmapsets/1828947#fruits/3753760,,Neko Hacker - People People feat. Nanahira (My Angel RangE) [-Alien Alien-],HR,765,,-765
https://osu.ppy.sh/beatmapsets/1530133#fruits/3131088,,REDALiCE vs. Kobaryo - REKKA RESONANCE (Jemzuu) [ROCMA'S DELUGE],NM,765,,-765
https://osu.ppy.sh/beatmapsets/727329#fruits/2404182,,TERRASPEX - AMAZING BREAK (Spectator) [CRYSTAL SPEC'S DELUGE],HR,763,,-763
https://osu.ppy.sh/beatmapsets/100203#fruits/2452139,,Rohi feat. Kagamine Rin - Kakuzetsu Thanatos (Bunnrei) [Isolation],NM,760,,-760
https://osu.ppy.sh/beatmapsets/2165226#fruits/4583201,,tn-shi - Annihilation in F# Minor (Jemzuu) [Kukkai's Deluge],NM,760,,-760
https://osu.ppy.sh/beatmapsets/2264181#fruits/4834785,,UROBOROS - Black Swallowtail (TV Size) (Pepti) [Zilepti's Deluge],DT,760,,-760
https://osu.ppy.sh/beatmapsets/1116379#fruits/2332135,,Yousei Teikoku - Elusion (IsomirDiAngelo) [Delusion],NM,760,,-760
https://osu.ppy.sh/beatmapsets/2235979#fruits/4749827,,MAZARE - Mazare Party (Verti) [Eternal Party],HR,755,,-755
https://osu.ppy.sh/beatmapsets/30581#fruits/100880,,Refresh - Summertime (ekowraith remix) (AndreasHD) [Insane],DT,770,,-770
https://osu.ppy.sh/beatmapsets/2138425#fruits/4520619,,DECO*27 - Rabbit Hole feat. Hatsune Miku ([ Azu- ]) [RAZOR'S LAST CHANCE!],NM,755,,-755
https://osu.ppy.sh/beatmapsets/2149387#fruits/4532941,,Hello Sleepwalkers - Goya no Machiawase (Verti) [Stray Cat],DT,755,,-755
https://osu.ppy.sh/beatmapsets/1887547#fruits/3886988,,Lie and a Chameleon - mononoke in the fiction (TV Size) (Juansy-) [Azu's Fic/tion],DT,755,,-755
https://osu.ppy.sh/beatmapsets/1078698#fruits/2257055,,Kabocha - EmbryO (Ascendance) [DEIF'S HEAVENLY],HR,755,,-755
https://osu.ppy.sh/beatmapsets/1164077#fruits/2450629,,Nogizaka46 - Yubi Bouenkyou (A r M i N) [Reform's Another],DT,755,,-755
https://osu.ppy.sh/beatmapsets/1278683#fruits/2656352,,Ayase Rie - Hijitsuzaikei Joshitachi wa Dou Surya Ii Desu ka? (-Luminate) [Delightful],NM,750,,-750
https://osu.ppy.sh/beatmapsets/1023464#fruits/2140997,,RoughSketch - Ghost Family Living In Graveyard (Rocma) [Deluge],NM,750,,-750
https://osu.ppy.sh/beatmapsets/2040285#fruits/4256129,,Tatsh - IMAGE REBORN -DIVINITY- (Deif) [Materialised],NM,750,,-750
https://osu.ppy.sh/beatmapsets/1831275#fruits/4417060,,MisoilePunch - MixxioN (fayew) [VERTI'S EXCEED],HR,750,,-750
https://osu.ppy.sh/beatmapsets/1831275#fruits/4417060,,MisoilePunch - MixxioN (fayew) [VERTI'S EXCEED],HR,750,,-750
https://osu.ppy.sh/beatmapsets/1984907#fruits/4990808,,-45 - System Zero (skill issue lol) [Ciel's Demon Roulette],HR,750,,-750
https://osu.ppy.sh/beatmapsets/591442#fruits/1265756,,S3RL feat Harri Rush - Nostalgic (Nightcore Mix) (nold_1702) [Crystal's Execution],HR,750,,-750
https://osu.ppy.sh/beatmapsets/667918#fruits/1413157,,MYTH & ROID - Paradisus-Paradoxum (Ascendance) [Broken Reality],DT,750,,-750
https://osu.ppy.sh/beatmapsets/667918#fruits/1413157,,MYTH & ROID - Paradisus-Paradoxum (Ascendance) [Broken Reality],DT,750,,-750
https://osu.ppy.sh/beatmapsets/1270628#fruits/2650493,,ALiCE'S EMOTiON - Dark Flight Dreamer (Bastian) [Greaper's Starlight Typhoon],HR,750,,-750
https://osu.ppy.sh/beatmapsets/1009824#fruits/2156941,,PSYQUI - Hype feat. Such (lapix Remix) (Ascendance) [Ascenbot's Overdose],HR,750,,-750
https://osu.ppy.sh/beatmapsets/1009824#fruits/2156941,,PSYQUI - Hype feat. Such (lapix Remix) (Ascendance) [Ascenbot's Overdose],HR,750,,-750
https://osu.ppy.sh/beatmapsets/1009824#fruits/2156941,,PSYQUI - Hype feat. Such (lapix Remix) (Ascendance) [Ascenbot's Overdose],HR,750,,-750
https://osu.ppy.sh/beatmapsets/936698#fruits/1995061,,sana - Packet Hero (DeRandom Otaku) [Sotarks' Yowasa],NM,750,,-750
https://osu.ppy.sh/beatmapsets/936698#fruits/1995061,,sana - Packet Hero (DeRandom Otaku) [Sotarks' Yowasa],NM,750,,-750
https://osu.ppy.sh/beatmapsets/1308842#fruits/2713369,,"Camellia - FLYING OUT TO THE SKY (covered by Nanahira, moimoi, Nana Takahashi) (Cut Ver.) (Ryuusei Aika) [FAKE DELIGHT]",NM,750,,-750
https://osu.ppy.sh/beatmapsets/2424147#fruits/5275994,,#N/A,HR,750,,-750
https://osu.ppy.sh/beatmapsets/2274931#fruits/4847511,,#N/A,NM,750,,-750
https://osu.ppy.sh/beatmapsets/417149#fruits/903351,,F-777 - Dance of The Violins (Absolute Zero) [Celtic Dance],EZDT,750,,-750
https://osu.ppy.sh/beatmapsets/432720#fruits/933017,,Tatsh - IMAGE -MATERIAL- <Version 0> (CLSW) [Envision],EZ,750,,-750
https://osu.ppy.sh/beatmapsets/1379745#fruits/2850988,,GYZE - HONESTY (-Joakh) [REDEMPTION],HR,747,,-747
https://osu.ppy.sh/beatmapsets/1379745#fruits/2850988,,GYZE - HONESTY (-Joakh) [REDEMPTION],HR,747,,-747
https://osu.ppy.sh/beatmapsets/1379745#fruits/2850988,,GYZE - HONESTY (-Joakh) [REDEMPTION],HR,747,,-747
https://osu.ppy.sh/beatmapsets/1543977#fruits/3178949,,Nekomata Master+ - chaos eater -IIDX edition- (Spectator) [Jemzuu's Deluge],HR,745,,-745
https://osu.ppy.sh/beatmapsets/1088438#fruits/2275872,,"Imperial Circus Dead Decadence - Jashin no Konrei, Gi wa Ai to Shiru. (Daletto) [Enkiri]",HR,745,,-745
https://osu.ppy.sh/beatmapsets/2395333#fruits/5188189,,Kano - Dear Brave (Ascendance) [Resolute Love],DT,745,,-745
https://osu.ppy.sh/beatmapsets/1114770#osu/2328679,,MAXIMUM THE HORMONE - ChuChu Lovely MuniMuni MuraMura PrinPrin Boron Nururu ReroRero (Chiptune Cover) (Sotarks) [Malding Bunny],HR,745,,-745
https://osu.ppy.sh/beatmapsets/713891#fruits/1508761,,"Camellia - Feelin Sky (Camellia's ""200step"" Self-remix) (Spectator) [Overdrive]",NM,740,,-740
https://osu.ppy.sh/beatmapsets/1074448#fruits/2248481,,REDALiCE vs. MASAKI - BUCHiGiRE Berserker (Bunnrei) [MASTER],NM,740,,-740
https://osu.ppy.sh/beatmapsets/1831275#fruits/4396251,,MisoilePunch - MixxioN (fayew) [RUSTYY'S VIVID],NM,740,,-740
https://osu.ppy.sh/beatmapsets/1939725#fruits/4443314,,[Kyoro] - Mochio- (Spectator) [Ultra],HR,740,,-740
https://osu.ppy.sh/beatmapsets/2268624#fruits/4831446,,Jeff Williams feat. Casey Lee Williams - Die (Cut Ver.) (Verti) [Joakh's Overdose],DT,740,,-740
https://osu.ppy.sh/beatmapsets/416153#fruits/901854,,Remo Prototype[CV: Hanamori Yumiri] - Sendan Life (Lami) [Nostalgia],NM,740,,-740
https://osu.ppy.sh/beatmapsets/2135628#fruits/4493766,,Xi - Rokujuu-nen Me no Shinsoku Saiban ~ Rapidity is a justice (-Aku) [Road of Resistance],NM,737,,-737
https://osu.ppy.sh/beatmapsets/857537#fruits/1791762,,Kuroneko Dungeon - Ryoushi no Umi no Lindwurm ([_-Kukkai-_]) [Lindwurm],HR,737,,-737
https://osu.ppy.sh/beatmapsets/857537#fruits/1791762,,Kuroneko Dungeon - Ryoushi no Umi no Lindwurm ([_-Kukkai-_]) [Lindwurm],HR,737,,-737
https://osu.ppy.sh/beatmapsets/306012#fruits/965283,,#N/A,NM,737,,-737
https://osu.ppy.sh/beatmapsets/1699234#fruits/3472020,,Release Hallucination - Lovers in Abyss (Daletto) [Daletto & Jemzuu's Illuminating Salvation],NM,736,,-736
https://osu.ppy.sh/beatmapsets/1633355#fruits/3333924,,Camellia - Purge My Existence Out Of This World (feat. BTMC) (Jemzuu) [Exiting This Earth's Atmosphere With Spec & Nelly],NM,735,,-735
https://osu.ppy.sh/beatmapsets/2114116#fruits/4439033,,exnoiz - Emotional distress (rinkiha) [emoi],NM,735,,-735
https://osu.ppy.sh/beatmapsets/924882#fruits/1932005,,YUC'e - Future Candy ([_-Kukkai-_]) [Candy Love],HR,731,,-731
https://osu.ppy.sh/beatmapsets/1235986#fruits/2569370,,Ariabl'eyeS - Keikan no Senritsu (Razor Sharp) [Catastrophe],NM,730,,-730
https://osu.ppy.sh/beatmapsets/815097#fruits/1709530,,"CustomiZ - COOLEST (Ascendance) [Cool, Cooler, COOLEST!]",HR,730,,-730
https://osu.ppy.sh/beatmapsets/2243054#fruits/4950436,,YOASOBI - UNDEAD (Spectator) [Crowley's Overdose],HR,730,,-730
https://osu.ppy.sh/beatmapsets/1125776#fruits/2911065,,Kawada Mami - Serment (Flame Haze) [Reason],NM,730,,-730
https://osu.ppy.sh/beatmapsets/1905234#fruits/3928577,,Leah Kate - Life Sux (Sped Up Ver.) (Log Off Now) [Mommy Sucks],EZDT,730,,-730
https://osu.ppy.sh/beatmapsets/484532#fruits/1047758,,Kano - Sukisuki Zecchoushou (Loreley) [Lovesickness],NM,730,,-730
https://osu.ppy.sh/beatmapsets/942866#fruits/1970565,,Getter Jaani - Rockefeller Street (Nightcore Mix) (Sotarks) [Reform's Expert],DT,728,,-728
https://osu.ppy.sh/beatmapsets/942866#fruits/1970565,,Getter Jaani - Rockefeller Street (Nightcore Mix) (Sotarks) [Reform's Expert],DT,728,,-728
https://osu.ppy.sh/beatmapsets/2338848#fruits/5299790,,Imperial Circus Dead Decadence - Shinbatsu o Tadori Kyoukotsu ni Itaru (Daletto) [Daletto & Mochi's Equinox],NM,727,,-727
https://osu.ppy.sh/beatmapsets/2402645#fruits/5210815,,xi - ANiMA (Verti) [Harmony],NM,726,,-726
https://osu.ppy.sh/beatmapsets/1717009#fruits/3508692,,Kucchi vs. Akki - Yakumo >>JOINT STRUGGLE (Kukkai) [Phantasm],NM,725,,-725
https://osu.ppy.sh/beatmapsets/1717009#fruits/3508692,,Kucchi vs. Akki - Yakumo >>JOINT STRUGGLE (Kukkai) [Phantasm],NM,725,,-725
https://osu.ppy.sh/beatmapsets/1791101#fruits/3670321,,xi - Longinus (Jemzuu) [Dionysius],NM,725,,-725
https://osu.ppy.sh/beatmapsets/2292207#fruits/4920904,,TOGENASHI TOGEARI - Wrong World (Jemzuu) [Joakh's Overdose],HR,725,,-725
https://osu.ppy.sh/beatmapsets/1511831#fruits/3517185,,FROZEN QUALIA - Kaleidoscope ([ Azu- ]) [Juansy & Azu's Forgotten Promises],DT,725,,-725
https://osu.ppy.sh/beatmapsets/629384#fruits/1328778,,Camellia - Towards The Horizon (Sinnoh) [Vanishing Point],HR,725,,-725
https://osu.ppy.sh/beatmapsets/1009824#fruits/2194697,,PSYQUI - Hype feat. Such (lapix Remix) (Ascendance) [Rocma's Overdose],NM,725,,-725
https://osu.ppy.sh/beatmapsets/1799606#fruits/3689229,,hololive IDOL PROJECT - Hyakka Ryouran Hanafubuki (Secre) [Cherry Blossom Blizzard],DT,724,,-724
https://osu.ppy.sh/beatmapsets/994145#fruits/2078685,,Sampling Masters MEGA & Tatsh - Weave Detonator (Ascendance) [Ascendance & Rei's Shockwave],NM,720,,-720
https://osu.ppy.sh/beatmapsets/2278996#fruits/5037463,,Kaneko Chiharu - <<Re:miniscence>> (Daletto) [CIEL'S GRAVITY],HR,720,,-720
https://osu.ppy.sh/beatmapsets/2238952#fruits/4757956,,Nanahoshi Kangengakudan - Rubik's Cube (Spectator) [Deluge],NM,720,,-720
https://osu.ppy.sh/beatmapsets/591442#fruits/1307142,,S3RL feat Harri Rush - Nostalgic (Nightcore Mix) (nold_1702) [yf's Insane],DT,720,,-720
https://osu.ppy.sh/beatmapsets/591442#fruits/1307142,,S3RL feat Harri Rush - Nostalgic (Nightcore Mix) (nold_1702) [yf's Insane],DT,720,,-720
https://osu.ppy.sh/beatmapsets/591442#fruits/1307142,,S3RL feat Harri Rush - Nostalgic (Nightcore Mix) (nold_1702) [yf's Insane],DT,720,,-720
https://osu.ppy.sh/beatmapsets/2371021#fruits/5185616,,#N/A,HR,720,,-720
https://osu.ppy.sh/beatmapsets/2165226#fruits/4884625,,tn-shi - Annihilation in F# Minor (Jemzuu) [Xinnoh's Overdose],HR,715,,-715
https://osu.ppy.sh/beatmapsets/2111859#fruits/4433498,,Emiru no Aishita Tsukiyo ni Dai San Gensou Kyoku wo - ito (Spectator) [Spec Lumi's Overdose],NM,715,,-715
https://osu.ppy.sh/beatmapsets/2260757#fruits/4811786,,Noah - Apocalypse teller (Noctalium) [Doomsday],NM,714,,-714
https://osu.ppy.sh/beatmapsets/2260757#fruits/4811786,,Noah - Apocalypse teller (Noctalium) [Doomsday],NM,714,,-714
https://osu.ppy.sh/beatmapsets/2384844#fruits/5156881,,DragonForce - Valley of the Damned (CTBWhiteCat) [Apocalypse],NM,714,,-714
https://osu.ppy.sh/beatmapsets/914242#fruits/1909555,,Kano - Walk This Way! (Sotarks) [Ultra],HR,712,,-712
https://osu.ppy.sh/beatmapsets/914242#fruits/1909555,,Kano - Walk This Way! (Sotarks) [Ultra],HR,712,,-712
https://osu.ppy.sh/beatmapsets/2091433#fruits/4383635,,kanone - RAIKIRI (Xinnoh) [Ultima],NM,710,,-710
https://osu.ppy.sh/beatmapsets/1489293#fruits/3052986,,Kobaryo - Invisible Frenzy (Kukkai) [Breakdown],HR,710,,-710
https://osu.ppy.sh/beatmapsets/1593143#fruits/3253933,,Noah - Immortal saga - Again (Verti) [A TALE OF AN IMMORTAL HERO],HR,710,,-710
https://osu.ppy.sh/beatmapsets/1958376#fruits/4067074,,Ashrount - Bleary Vagary (Jemzuu) [Unlucky's Overdose],HR,710,,-710
https://osu.ppy.sh/beatmapsets/1078698#fruits/2257061,,Kabocha - EmbryO (Ascendance) [REIMU'S VIVID],HR,710,,-710
https://osu.ppy.sh/beatmapsets/128645#fruits/367175,,M2U feat. Guriri - Magnolia (-kevincela-) [AngelHoney's ExtrA],HR,710,,-710
https://osu.ppy.sh/beatmapsets/2398246#fruits/5197154,,WINTERHORDE - Worms of Soul (mieldeprairie) [Somatic Delusions],NM,708,,-708
https://osu.ppy.sh/beatmapsets/697012#fruits/1590861,,tofubeats - CANDYYYLAND feat. LIZ (Pa's Lam System Remix) (Kukkai) [Deluge],HR,706,,-706
https://osu.ppy.sh/beatmapsets/2277450#fruits/4853620,,Aether Realm - Tarot (4rcheR-) [The Wheel of Fortune],NM,705,,-705
https://osu.ppy.sh/beatmapsets/1087679#fruits/2427950,,Negentropy (a.k.a. Team Grimoire) - ouroVoros (autofanboy) [neVermore],NM,705,,-705
https://osu.ppy.sh/beatmapsets/2165226#fruits/4887826,,tn-shi - Annihilation in F# Minor (Jemzuu) [Mochi's Deluge],NM,705,,-705
https://osu.ppy.sh/beatmapsets/1078698#fruits/2257059,,Kabocha - EmbryO (Ascendance) [LACRIMA'S VIVID],HR,705,,-705
https://osu.ppy.sh/beatmapsets/2292175#fruits/4894077,,jun with Alison - SUNKiSS <3 DROP ~jun Side~ (Ascendance) [SUMMER LOVE],HR,703,,-703
https://osu.ppy.sh/beatmapsets/810477#fruits/1700476,,SakiZ - osu!favourites (Hareimu) [Gauntlet],NM,703,,-703
https://osu.ppy.sh/beatmapsets/1500887#fruits/3075532,,VINXIS - Sidetracked Day (Razor Sharp) [Calm],HR,703,,-703
https://osu.ppy.sh/beatmapsets/1293905#fruits/2685020,,UNDEAD CORPORATION - Everything will freeze (NyalettOwO x3) [Jack the Ludo Bile],NM,700,,-700
https://osu.ppy.sh/beatmapsets/2391746#fruits/5177625,,Camellia feat. Nanahira - Shakunetsu Candle Master (Mochi -) [Mochi & Kukkai's Burning Heart ! !],NM,700,,-700
https://osu.ppy.sh/beatmapsets/963383#fruits/3779857,,Loctek - Summer CarnivaL (Kukkai) [RaiN],DT,700,,-700
https://osu.ppy.sh/beatmapsets/963383#fruits/3779857,,Loctek - Summer CarnivaL (Kukkai) [RaiN],DT,700,,-700
https://osu.ppy.sh/beatmapsets/574232#fruits/1216237,,Halozy - 143 (extended mix) (JBHyperion) [Everlasting Love],HR,700,,-700
https://osu.ppy.sh/beatmapsets/153887#fruits/523532,,Akiyama Uni - Odoru Mizushibuki (Hollow Wings) [Extra],NM,700,,-700
https://osu.ppy.sh/beatmapsets/2233104#fruits/4801374,,Xyris - Nefelibata (-Rustyy) [Zileni's Deluge],HR,699,,-699
https://osu.ppy.sh/beatmapsets/1148215#fruits/2397357,,Zekk - Fluctuation (Jemzuu) [Deviation],NM,697,,-697
https://osu.ppy.sh/beatmapsets/1724385#fruits/3533259,,Mitsuki - Eeliaas (Deif) [Rain],DT,697,,-697
https://osu.ppy.sh/beatmapsets/446947#fruits/959753,,Demetori - Plastic Mind ~ Alice in Underground (JBHyperion) [Phantom of the Grand Guignol],NM,696,,-696
https://osu.ppy.sh/beatmapsets/2302808#fruits/4921983,,cosMo@BousouP - Oceanus (Verti) [A Symphony of Ocean Tides],HR,695,,-695
https://osu.ppy.sh/beatmapsets/2235979#fruits/5022245,,MAZARE - Mazare Party (Verti) [Zileni & yeeeter's Deluge],HR,695,,-695
https://osu.ppy.sh/beatmapsets/2072192#fruits/4336456,,Imperial Circus Dead Decadence - Shinbatsu o Tadori Kyoukotsu ni Itaru (-Rustyy) [Nihilism],NM,695,,-695
https://osu.ppy.sh/beatmapsets/1394969#fruits/4486176,,Akiyama Uni - Odoru Mizushibuki (fayew) [Deluge],HR,695,,-695
https://osu.ppy.sh/beatmapsets/2137143#fruits/4497494,,t+pazolite - chipscape (fayew) [Finale],HT,695,,-695
https://osu.ppy.sh/beatmapsets/1816401#fruits/3726356,,Gram vs. Yooh - Apocalypse (Jemzuu) [Armageddon],NM,693,,-693
https://osu.ppy.sh/beatmapsets/2384087#fruits/5155017,,Victorius - Age of Tyranny (CTBWhiteCat) [Apocalypse],HR,692,,-692
https://osu.ppy.sh/beatmapsets/1179938#fruits/2460431,,UNDEAD CORPORATION - Embraced by the Flame (Daletto) [Daletto & Du5t's Rekindling of Dead Ashes],NM,690,,-690
https://osu.ppy.sh/beatmapsets/2195010#fruits/4644233,,Camellia feat. Mayumi Morinaga - re:||BIRTH (Bunnrei) [Overload [12.5]],NM,690,,-690
https://osu.ppy.sh/beatmapsets/1939725#fruits/4443314,,[Kyoro] - Mochio- (Spectator) [Ultra],NM,690,,-690
https://osu.ppy.sh/beatmapsets/2191184#fruits/4634735,,Falling In Reverse - Watch The World Burn (Daletto) [Hypnotizing],HR,690,,-690
https://osu.ppy.sh/beatmapsets/730517#fruits/1541711,,Yooh - Dynasty -da capo- (Ascendance) [Utopia],HR,690,,-690
https://osu.ppy.sh/beatmapsets/1464008#fruits/3007160,,zts - miragecoordinator (Deif) [Memoirs],DT,690,,-690
https://osu.ppy.sh/beatmapsets/1009824#fruits/2206596,,PSYQUI - Hype feat. Such (lapix Remix) (Ascendance) [Crystal's Ethereal],HR,689,,-689
https://osu.ppy.sh/beatmapsets/1717748#fruits/3616539,,Rish feat. Choko - Tanaka (Kukkai) [R-34's Katana],NM,687,,-687
https://osu.ppy.sh/beatmapsets/2380696#fruits/5146241,,Minstrel - today is the day (Bunnrei) [June 1 (feat. Spec)],NM,687,,-687
https://osu.ppy.sh/beatmapsets/727329#fruits/2404346,,TERRASPEX - AMAZING BREAK (Spectator) [CRYSTAL'S INVASION],NM,685,,-685
https://osu.ppy.sh/beatmapsets/2241059#fruits/4763025,,Hoshi Syoko (CV: Matsuda Satsumi) - Zettai Tokken Shuchou Shimasu! Hoshi Syoko Solo Remix (Cut Ver.) (Remilie) [Absolute Privilege!],HR,685,,-685
https://osu.ppy.sh/beatmapsets/2207812#fruits/4675222,,Yousei Teikoku - Shinteki Souzou (Game Ver.) (Kukkai) [Divine],HR,683,,-683
https://osu.ppy.sh/beatmapsets/2207812#fruits/4675222,,Yousei Teikoku - Shinteki Souzou (Game Ver.) (Kukkai) [Divine],HR,683,,-683
https://osu.ppy.sh/beatmapsets/2207812#fruits/4675222,,Yousei Teikoku - Shinteki Souzou (Game Ver.) (Kukkai) [Divine],HR,683,,-683
https://osu.ppy.sh/beatmapsets/1612932#fruits/3293033,,Frums - theyaremanycolors (Spectator) [deluge],HR,680,,-680
https://osu.ppy.sh/beatmapsets/1612932#fruits/3293033,,Frums - theyaremanycolors (Spectator) [deluge],HR,680,,-680
https://osu.ppy.sh/beatmapsets/2385660#fruits/5202398,,Arash - Temptation (feat. Rebecca) (Nightcore Mix) (Natsuko) [~Verti's Temptation~],HR,680,,-680
https://osu.ppy.sh/beatmapsets/1464352#fruits/3007653,,BlackY - AlphaOmega (Evolutionary Extended ver.) (Jemzuu) [Jemzuu vs. Du5t's GRAVITY],NM,680,,-680
https://osu.ppy.sh/beatmapsets/1233114#fruits/2563508,,HyuN feat. LyuU - Cross Over (Razor Sharp) [Parallel],NM,680,,-680
https://osu.ppy.sh/beatmapsets/1233114#fruits/2563508,,HyuN feat. LyuU - Cross Over (Razor Sharp) [Parallel],NM,680,,-680
https://osu.ppy.sh/beatmapsets/1498429#fruits/3136614,,"Fear, and Loathing in Las Vegas - Just Awake (TV Size) (Secre) [Overdose]",DT,680,,-680
https://osu.ppy.sh/beatmapsets/1931730#fruits/3990729,,Thank You Scientist - The Amateur Arsonist's Handbook (Crowley) [Elysium],NM,680,,-680
https://osu.ppy.sh/beatmapsets/2292175#fruits/4908643,,jun with Alison - SUNKiSS <3 DROP ~jun Side~ (Ascendance) [TRENT'S CHALLENGE],NM,678,,-678
https://osu.ppy.sh/beatmapsets/2278996#fruits/4857647,,Kaneko Chiharu - <<Re:miniscence>> (Daletto) [HEAVENLY],NM,677,,-677
https://osu.ppy.sh/beatmapsets/1861290#fruits/3826863,,Morimori Atsushi - Laevateinn (Verti) [Deadly Force],NM,675,,-675
https://osu.ppy.sh/beatmapsets/1338796#fruits/2796822,,uma vs. Morimori Atsushi - Re:End of a Dream (GIGACHAD) [ASCENDANCE'S HEAVENLY],NM,675,,-675
https://osu.ppy.sh/beatmapsets/1338796#fruits/2796822,,uma vs. Morimori Atsushi - Re:End of a Dream (GIGACHAD) [ASCENDANCE'S HEAVENLY],NM,675,,-675
https://osu.ppy.sh/beatmapsets/2333454#fruits/5007541,,II-L - COMPOSITE-NUMBER 57 (Spectator) [DELUGE],NM,675,,-675
https://osu.ppy.sh/beatmapsets/1072567#fruits/2478856,,TrySail - Utsuroi (Short Ver.) (Greaper) [Secre's Overdose],DT,675,,-675
https://osu.ppy.sh/beatmapsets/1072567#fruits/2478856,,TrySail - Utsuroi (Short Ver.) (Greaper) [Secre's Overdose],DT,675,,-675
https://osu.ppy.sh/beatmapsets/2241735#fruits/4764524,,Camellia - Flamewall (Daletto) [Daletto & Rustyy's Flowers Resplendent on the Sun-Scorched Sojourn],HTHR,675,,-675
https://osu.ppy.sh/beatmapsets/1861290#fruits/4304392,,Morimori Atsushi - Laevateinn (Verti) [Stardu5t's Rain],DT,675,,-675
https://osu.ppy.sh/beatmapsets/1610693#fruits/4193184,,Kano - Sukisuki Zecchoushou (My Angel RangE) [Mochi's Rain],DT,674,,-674
https://osu.ppy.sh/beatmapsets/1610693#fruits/4193184,,Kano - Sukisuki Zecchoushou (My Angel RangE) [Mochi's Rain],DT,674,,-674
https://osu.ppy.sh/beatmapsets/1715139#fruits/3504487,,Silentroom - XHRONOXAPSULE (Jemzuu) [XATAXLYSM],HTHR,673,,-673
https://osu.ppy.sh/beatmapsets/2217121#fruits/4860503,,"Rish feat. Choko - Hidari Click ga Osenai (Kukkai) [I can't use the left side of the editor~ (>w<"")]",NM,670,,-670
https://osu.ppy.sh/beatmapsets/2217121#fruits/4860503,,"Rish feat. Choko - Hidari Click ga Osenai (Kukkai) [I can't use the left side of the editor~ (>w<"")]",NM,670,,-670
https://osu.ppy.sh/beatmapsets/2217121#fruits/4860503,,"Rish feat. Choko - Hidari Click ga Osenai (Kukkai) [I can't use the left side of the editor~ (>w<"")]",NM,670,,-670
https://osu.ppy.sh/beatmapsets/1728550#fruits/3532456,,xi - Blue Zenith (Verti) [When You See It],NM,670,,-670
https://osu.ppy.sh/beatmapsets/1728550#fruits/3532456,,xi - Blue Zenith (Verti) [When You See It],NM,670,,-670
https://osu.ppy.sh/beatmapsets/2106026#fruits/4419132,,UNDEAD CORPORATION - Embraced by the Flame (-Joakh) [Inferno Demonlord],NM,670,,-670
https://osu.ppy.sh/beatmapsets/2146604#fruits/4521650,,nao - Towa naru Kizuna to Omoi no Kiseki (-Aku) [~Deluge~],HR,670,,-670
https://osu.ppy.sh/beatmapsets/2130671#fruits/4481029,,YOASOBI - Yuusha (TV Size) (Verti) [Fern],DT,670,,-670
https://osu.ppy.sh/beatmapsets/1799606#fruits/3975518,,hololive IDOL PROJECT - Hyakka Ryouran Hanafubuki (Secre) [Kagari's Rain],DT,670,,-670
https://osu.ppy.sh/beatmapsets/418826#fruits/906421,,DystopiaGround - AugoEidEs (koliron) [Freezing],HR,670,,-670
https://osu.ppy.sh/beatmapsets/1224186#fruits/2546205,,"siqlo - Midnight, Sunrise Sign (Rocma) [Deluge]",HR,670,,-670
https://osu.ppy.sh/beatmapsets/2023131#fruits/4213933,,#N/A,NM,670,,-670
https://osu.ppy.sh/beatmapsets/2023131#fruits/4213933,,#N/A,NM,670,,-670
https://osu.ppy.sh/beatmapsets/2023131#fruits/4213933,,#N/A,NM,670,,-670
https://osu.ppy.sh/beatmapsets/677104#fruits/1432041,,Ito Kanako - Sky of Twilight (Natsu) [Stairway To Heaven],NM,670,,-670
https://osu.ppy.sh/beatmapsets/677104#fruits/1432041,,Ito Kanako - Sky of Twilight (Natsu) [Stairway To Heaven],NM,670,,-670
https://osu.ppy.sh/beatmapsets/1727694#fruits/3533276,,Toromaru - Formless Canvas (DeviousPanda) [Down's Extreme],HR,668,,-668
https://osu.ppy.sh/beatmapsets/2126258#fruits/4469506,,Aethoro - Deertracks (Razor Sharp) [Tranquillity],DT,667,,-667
https://osu.ppy.sh/beatmapsets/1872054#fruits/3851850,,Yamajet feat. Hiura Masako - Sunglow (Share) [Share & Kuki's Euphony],NM,667,,-667
https://osu.ppy.sh/beatmapsets/2306814#fruits/4933334,,Demetori - Shinkou wa Hakanaki Ningen no Tame ni ~ Jehovah's YaHVeH (-Rustyy) [The Story of Eastern Wonderland],NM,665,,-665
https://osu.ppy.sh/beatmapsets/1423576#fruits/3143802,,kors k as teranoid - Bad Maniacs (Lacrima) [Spec's Leggendaria],NM,665,,-665
https://osu.ppy.sh/beatmapsets/2138425#fruits/4567016,,DECO*27 - Rabbit Hole feat. Hatsune Miku ([ Azu- ]) [VERTI'S BLAH BLAH BLAH...],NM,665,,-665
https://osu.ppy.sh/beatmapsets/2077934#fruits/4351009,,Kawada Mami - Serment (Secre) [Deluge],NM,665,,-665
https://osu.ppy.sh/beatmapsets/699819#fruits/1500058,,nao - Towa naru Kizuna to Omoi no Kiseki (PinkHeart) [1112's Extra],NM,665,,-665
https://osu.ppy.sh/beatmapsets/1835637#fruits/3768648,,"""Shikkoku"" no Datenshi ""Gram"" vs. ""Seikoku"" no Shitenshi ""Gram"" - eden (Verti) [Paradise]",NM,663,,-663
https://osu.ppy.sh/beatmapsets/2096973#fruits/4397737,,BlackYooh vs. siromaru - KERBEROX (Deif) [Underworld],NM,662,,-662
https://osu.ppy.sh/beatmapsets/866700#fruits/1812113,,Reol - Yakusoku no Ao (Crowley) [Unaltered Vow],NM,660,,-660
https://osu.ppy.sh/beatmapsets/2333588#fruits/5151256,,UROBOROS - Black Swallowtail (DizzyOracel) [MILK's Deluge],HR,660,,-660
https://osu.ppy.sh/beatmapsets/2321556#fruits/4973774,,Kuroneko Dungeon - Ryuu to Shoujo to Decoherence ([ Azu- ]) [LEGEND],NM,660,,-660
https://osu.ppy.sh/beatmapsets/2321556#fruits/4973774,,Kuroneko Dungeon - Ryuu to Shoujo to Decoherence ([ Azu- ]) [LEGEND],NM,660,,-660
https://osu.ppy.sh/beatmapsets/1303098#fruits/2702395,,Morimori Atsushi - Le Cirque de Minuit (2019 Re:work) (Jemzuu) [Ornemental],NM,660,,-660
https://osu.ppy.sh/beatmapsets/841569#fruits/1761160,,Five Hammer - fffff (Ascendance) [EX],NM,660,,-660
https://osu.ppy.sh/beatmapsets/841569#fruits/1761160,,Five Hammer - fffff (Ascendance) [EX],NM,660,,-660
https://osu.ppy.sh/beatmapsets/1831275#fruits/4417060,,MisoilePunch - MixxioN (fayew) [VERTI'S EXCEED],NM,660,,-660
https://osu.ppy.sh/beatmapsets/1831275#fruits/4417060,,MisoilePunch - MixxioN (fayew) [VERTI'S EXCEED],NM,660,,-660
https://osu.ppy.sh/beatmapsets/2191164#fruits/4634684,,ABSOLUTE CASTAWAY - step by step (Deif) [The other side of the smile],NM,660,,-660
https://osu.ppy.sh/beatmapsets/2191164#fruits/4634684,,ABSOLUTE CASTAWAY - step by step (Deif) [The other side of the smile],NM,660,,-660
https://osu.ppy.sh/beatmapsets/1197507#fruits/2585052,,MIMI - Ai no Sukima (Greaper) [Bastian's Rain],DT,660,,-660
https://osu.ppy.sh/beatmapsets/1197507#fruits/2585052,,MIMI - Ai no Sukima (Greaper) [Bastian's Rain],DT,660,,-660
https://osu.ppy.sh/beatmapsets/1197507#fruits/2585052,,MIMI - Ai no Sukima (Greaper) [Bastian's Rain],DT,660,,-660
https://osu.ppy.sh/beatmapsets/1715139#fruits/3504486,,Silentroom - XHRONOXAPSULE (Jemzuu) [ROCMA'S XRONIXLE],HT,660,,-660
https://osu.ppy.sh/beatmapsets/1733209#fruits/3579281,,i.o - Aoiro Step (dkblaze) [Kumocha's Extreme],NM,658,,-658
https://osu.ppy.sh/beatmapsets/2279578#fruits/4858988,,Kano - Walk This Way! (Vaqu) [Left Right Up Down!],NM,657,,-657
https://osu.ppy.sh/beatmapsets/432720#fruits/933017,,Tatsh - IMAGE -MATERIAL- <Version 0> (CLSW) [Envision],NM,655,,-655
https://osu.ppy.sh/beatmapsets/2318075#fruits/4964669,,siinamota feat. Kagamine Rin - Shoujo A (Ascendance) [!],NM,655,,-655
https://osu.ppy.sh/beatmapsets/1715139#fruits/3539116,,Silentroom - XHRONOXAPSULE (Jemzuu) [JOAKH'S VIVID],NM,655,,-655
https://osu.ppy.sh/beatmapsets/1715139#fruits/3539116,,Silentroom - XHRONOXAPSULE (Jemzuu) [JOAKH'S VIVID],NM,655,,-655
https://osu.ppy.sh/beatmapsets/727329#fruits/1535572,,TERRASPEX - AMAZING BREAK (Spectator) [KYUARE SPEC'S INVASION],NM,655,,-655
https://osu.ppy.sh/beatmapsets/1009892#fruits/2124312,,Mitsuyoshi Takenobu no Ani - Amphisbaena (Ascendance) [Mythic Another],NM,655,,-655
https://osu.ppy.sh/beatmapsets/1518662#fruits/3129496,,kamome sano Electric Orchestra - FIN4LE ~Shuushisen no Kanata e~ ([_-Kukkai-_]) [LACRIMA'S HEAVENLY],HR,652,,-652
https://osu.ppy.sh/beatmapsets/1518662#fruits/3129496,,kamome sano Electric Orchestra - FIN4LE ~Shuushisen no Kanata e~ ([_-Kukkai-_]) [LACRIMA'S HEAVENLY],HR,652,,-652
https://osu.ppy.sh/beatmapsets/1518662#fruits/3108717,,kamome sano Electric Orchestra - FIN4LE ~Shuushisen no Kanata e~ ([_-Kukkai-_]) [FINAL],NM,650,,-650
https://osu.ppy.sh/beatmapsets/1518662#fruits/3108717,,kamome sano Electric Orchestra - FIN4LE ~Shuushisen no Kanata e~ ([_-Kukkai-_]) [FINAL],NM,650,,-650
https://osu.ppy.sh/beatmapsets/2385660#fruits/5159736,,Arash - Temptation (feat. Rebecca) (Nightcore Mix) (Natsuko) [~Farewell~],HR,650,,-650
https://osu.ppy.sh/beatmapsets/2385660#fruits/5159736,,Arash - Temptation (feat. Rebecca) (Nightcore Mix) (Natsuko) [~Farewell~],HR,650,,-650
https://osu.ppy.sh/beatmapsets/697012#fruits/4571550,,tofubeats - CANDYYYLAND feat. LIZ (Pa's Lam System Remix) (Kukkai) [Sweet Surrender],NM,650,,-650
https://osu.ppy.sh/beatmapsets/1625860#fruits/3330168,,xi - Last Resort (fuhie) [Verti's GRAVITY],NM,650,,-650
https://osu.ppy.sh/beatmapsets/1078698#fruits/2257062,,Kabocha - EmbryO (Ascendance) [REI'S GRAVITY],HR,650,,-650
https://osu.ppy.sh/beatmapsets/924882#fruits/2106399,,YUC'e - Future Candy ([_-Kukkai-_]) [Nelly's Overdose],HR,650,,-650
https://osu.ppy.sh/beatmapsets/2151953#fruits/4534107,,IOSYS - Scarlet Keisatsu no Ghetto Patrol 24-ji (Rocma) [Overdose],HR,650,,-650
https://osu.ppy.sh/beatmapsets/297668#fruits/674076,,void feat. Komatsuna - Akatsuki no Tsuki (Spectator) [Superstar's Rain],DT,650,,-650
https://osu.ppy.sh/beatmapsets/857537#fruits/1830272,,Kuroneko Dungeon - Ryoushi no Umi no Lindwurm ([_-Kukkai-_]) [Deluge],HR,650,,-650
https://osu.ppy.sh/beatmapsets/1727694#osu/3530608,,Toromaru - Formless Canvas (DeviousPanda) [Virtuoso],HT,650,,-650
https://osu.ppy.sh/beatmapsets/1164077#fruits/2436293,,Nogizaka46 - Yubi Bouenkyou (A r M i N) [Kowari's Insane],DT,650,,-650
https://osu.ppy.sh/beatmapsets/1164077#fruits/2436293,,Nogizaka46 - Yubi Bouenkyou (A r M i N) [Kowari's Insane],DT,650,,-650
https://osu.ppy.sh/beatmapsets/2371021#fruits/5145164,,#N/A,HTHR,650,,-650
https://osu.ppy.sh/beatmapsets/306012#fruits/933686,,sHimaU - SLOTcore Is Dead (Arphimigon) [SIX],HR,650,,-650
https://osu.ppy.sh/beatmapsets/2238952#fruits/4861583,,Nanahoshi Kangengakudan - Rubik's Cube (Spectator) [Verti's Overdose],HR,647,,-647
https://osu.ppy.sh/beatmapsets/2203299#fruits/4663536,,VINXIS - Sidetracked Day (Verti) [Deviated],HR,646,,-646
https://osu.ppy.sh/beatmapsets/2203299#fruits/4663536,,VINXIS - Sidetracked Day (Verti) [Deviated],HR,646,,-646
https://osu.ppy.sh/beatmapsets/2203299#fruits/4663536,,VINXIS - Sidetracked Day (Verti) [Deviated],HR,646,,-646
https://osu.ppy.sh/beatmapsets/1717748#fruits/3510391,,Rish feat. Choko - Tanaka (Kukkai) [Tanaka],NM,645,,-645
https://osu.ppy.sh/beatmapsets/1794186#fruits/3689949,,Shadow Of Intent - The Return (Daletto) [Daletto & Rustyy's Overdose],HR,645,,-645
https://osu.ppy.sh/beatmapsets/2208037#fruits/4966213,,Gekidan Hitotose - Curtain Call!!!!! (TV Size) (Kukkai) [Ascendance's Ultimate!!!!!],NM,645,,-645
https://osu.ppy.sh/beatmapsets/1286508#fruits/2689068,,ABSOLUTE CASTAWAY - Shinsou Shintouron (-Luminate) [Rain],DT,645,,-645
https://osu.ppy.sh/beatmapsets/1818185#fruits/3736782,,Green Day - American Idiot (Sotarks) [Reform's Expert],HR,645,,-645
https://osu.ppy.sh/beatmapsets/2292823#fruits/4895761,,"HOYO-MiX - Arlecchino: Lullaby (Lusumi's Hardcore Bootleg) (Daletto) [""From This Day On, We Shall Delight in New Life Together.""]",NM,642,,-642
https://osu.ppy.sh/beatmapsets/1715139#fruits/3526451,,Silentroom - XHRONOXAPSULE (Jemzuu) [XINNOH'S HEAVENLY],HR,642,,-642
https://osu.ppy.sh/beatmapsets/1715139#fruits/3526451,,Silentroom - XHRONOXAPSULE (Jemzuu) [XINNOH'S HEAVENLY],HR,642,,-642
https://osu.ppy.sh/beatmapsets/2212386#fruits/4686910,,Lime - Pixel Planet (Spectator) [Collab Deluge],NM,640,,-640
https://osu.ppy.sh/beatmapsets/1079909#fruits/2813055,,technoplanet - Fly Like You [Long Version] ([ TNTlealu ]) [Crystal's HEAVENLY],NM,640,,-640
https://osu.ppy.sh/beatmapsets/1715139#fruits/3517699,,Silentroom - XHRONOXAPSULE (Jemzuu) [DIKA312'S HEAVENLY],NM,640,,-640
https://osu.ppy.sh/beatmapsets/1715139#fruits/3517699,,Silentroom - XHRONOXAPSULE (Jemzuu) [DIKA312'S HEAVENLY],NM,640,,-640
https://osu.ppy.sh/beatmapsets/2165226#fruits/4885932,,tn-shi - Annihilation in F# Minor (Jemzuu) [Overdose],HR,640,,-640
https://osu.ppy.sh/beatmapsets/1836859#fruits/3771617,,KELUN - CHU-BURA (TV Size) (Secre) [Bakkoto],DT,640,,-640
https://osu.ppy.sh/beatmapsets/1114770#osu/2328679,,MAXIMUM THE HORMONE - ChuChu Lovely MuniMuni MuraMura PrinPrin Boron Nururu ReroRero (Chiptune Cover) (Sotarks) [Malding Bunny],NM,640,,-640
https://osu.ppy.sh/beatmapsets/2111139#fruits/4431745,,"TUYU - Shuuten no Saki ga Aru to Suru naraba. (Mochi -) [If there's no endpoint, I just want to disappear.]",HR,635,,-635
https://osu.ppy.sh/beatmapsets/2428693#fruits/5308110,,Demi Lovato - Heart Attack (Rock Ver.) (Nightcore & Cut Ver.) (Smoke) [Ram's Extreme],HR,635,,-635
https://osu.ppy.sh/beatmapsets/2418434#fruits/5258704,,Apocalyptica - Reign of Fear (mieldeprairie) [Resurrection],HR,633,,-633
https://osu.ppy.sh/beatmapsets/2076393#fruits/4347186,,SOOOO - iiillluuuvvvUUU (Mochi -) [Reimu's eeexxxtttrrrAAA],NM,630,,-630
https://osu.ppy.sh/beatmapsets/1338796#fruits/2968267,,uma vs. Morimori Atsushi - Re:End of a Dream (GIGACHAD) [NOSURI'S HEAVENLY],NM,630,,-630
https://osu.ppy.sh/beatmapsets/1338796#fruits/2968267,,uma vs. Morimori Atsushi - Re:End of a Dream (GIGACHAD) [NOSURI'S HEAVENLY],NM,630,,-630
https://osu.ppy.sh/beatmapsets/1688341#fruits/3450339,,Srav3R vs. Getty - DUAL BREAKER XX (Jemzuu) [ULTRA],NM,630,,-630
https://osu.ppy.sh/beatmapsets/2341811#fruits/5032717,,otetsu - Cosmos (feat. GUMI) (Cielbami) [Fascination],NM,630,,-630
https://osu.ppy.sh/beatmapsets/1447060#fruits/2975903,,Denkishiki Karen Ongaku Shuudan - Gareki no Yume (-Luminate) [Nightmare],NM,630,,-630
https://osu.ppy.sh/beatmapsets/1447060#fruits/2975903,,Denkishiki Karen Ongaku Shuudan - Gareki no Yume (-Luminate) [Nightmare],NM,630,,-630
https://osu.ppy.sh/beatmapsets/670745#fruits/1418448,,Chihara Minori - SELF PRODUCER (Ymiir) [Lust],NM,629,,-629
https://osu.ppy.sh/beatmapsets/1543977#fruits/3178954,,Nekomata Master+ - chaos eater -IIDX edition- (Spectator) [Rei's Deluge],NM,628,,-628
https://osu.ppy.sh/beatmapsets/1447060#fruits/2975904,,Denkishiki Karen Ongaku Shuudan - Gareki no Yume (-Luminate) [Sinnoh's Overdose],HR,627,,-627
https://osu.ppy.sh/beatmapsets/1394969#fruits/4486176,,Akiyama Uni - Odoru Mizushibuki (fayew) [Deluge],NM,625,,-625
https://osu.ppy.sh/beatmapsets/781081#fruits/1640540,,"Chito (CV: Minase Inori), Yuuri (CV: Kubo Yurika) - More One Night (Assertive Hardcore Bootleg) [short ver.] (Ascendance) [Final Stage]",DT,625,,-625
https://osu.ppy.sh/beatmapsets/2424147#fruits/5275996,,#N/A,NM,625,,-625
https://osu.ppy.sh/beatmapsets/2407802#fruits/5226162,,"Kazuhiko Uehara, Harumi Ueko - Climactic Battle ([ Azu- ]) [Pepperoni Pizza]",HR,623,,-623
https://osu.ppy.sh/beatmapsets/1123002#fruits/4395029,,MY FIRST STORY - 2 FACE (Bastian) [Verti's 4 HEAD],HR,623,,-623
https://osu.ppy.sh/beatmapsets/2257724#fruits/5099644,,Ado - Odo (Deif) [Sadu's Rain],DT,623,,-623
https://osu.ppy.sh/beatmapsets/1966337#fruits/4113899,,Down - Yamangomcpro6th (zerokt) [Secre's Massacre],NM,623,,-623
https://osu.ppy.sh/beatmapsets/1966337#fruits/4113899,,Down - Yamangomcpro6th (zerokt) [Secre's Massacre],NM,623,,-623
https://osu.ppy.sh/beatmapsets/1966337#fruits/4113899,,Down - Yamangomcpro6th (zerokt) [Secre's Massacre],NM,623,,-623
https://osu.ppy.sh/beatmapsets/2286511#fruits/4877768,,"JO*STARS ~TOMMY, Coda, JIN~ - JoJo Sono Chi no Kioku ~end of THE WORLD~ (Ascendance) [CTB*STARS ~DECISIVE BATTLE BETWEEN GOOD AND EVIL~]",NM,620,,-620
https://osu.ppy.sh/beatmapsets/1715139#fruits/3543662,,Silentroom - XHRONOXAPSULE (Jemzuu) [VERTI'S GRAVITY],HR,620,,-620
https://osu.ppy.sh/beatmapsets/2202799#fruits/4662256,,xi - Angelic Party (Spectator) [Deluge],NM,620,,-620
https://osu.ppy.sh/beatmapsets/1009824#fruits/2113970,,PSYQUI - Hype feat. Such (lapix Remix) (Ascendance) [Ascendance & Spec's Dreamland],NM,620,,-620
https://osu.ppy.sh/beatmapsets/134151#fruits/350314,,Hanatan - Airman ga Taosenai (SOUND HOLIC Ver.) (Natsu) [Yue's Rain],HR,620,,-620
https://osu.ppy.sh/beatmapsets/1270628#fruits/2652280,,ALiCE'S EMOTiON - Dark Flight Dreamer (Bastian) [Rain],DT,618,,-618
https://osu.ppy.sh/beatmapsets/924882#fruits/1932005,,YUC'e - Future Candy ([_-Kukkai-_]) [Candy Love],NM,618,,-618
https://osu.ppy.sh/beatmapsets/2315333#fruits/4955427,,Yuki Setsuna (CV: Hayashi Coco) - Cherry Bomb (Game Ver.) (Ririmu) [Overdose],DT,615,,-615
https://osu.ppy.sh/beatmapsets/2352698#fruits/5064281,,ONE OK ROCK - American Girls (Juztan Remix) (Tylerderp) [Obsession],HR,615,,-615
https://osu.ppy.sh/beatmapsets/1009824#fruits/2156941,,PSYQUI - Hype feat. Such (lapix Remix) (Ascendance) [Ascenbot's Overdose],NM,614,,-614
https://osu.ppy.sh/beatmapsets/1009824#fruits/2156941,,PSYQUI - Hype feat. Such (lapix Remix) (Ascendance) [Ascenbot's Overdose],NM,614,,-614
https://osu.ppy.sh/beatmapsets/1541749#fruits/3151535,,Kaneko Chiharu - Lachryma <Re:Queen'M> (Lacrima) [REQUIEM],NM,612,,-612
https://osu.ppy.sh/beatmapsets/1018035#fruits/2130532,,Selphius - Los! Los! Los! (Daletto) [Absolute Ausrottung!],NM,610,,-610
https://osu.ppy.sh/beatmapsets/1258175#fruits/2615429,,CustomiZ - COOLEST (TV Size) (Ascendance) [SPEC'S OVERDOSE],NM,610,,-610
https://osu.ppy.sh/beatmapsets/1726388#fruits/3528086,,Kuki Akumu - AAAA Chazuke Gang (Kukkai) [Best Friends],NM,608,,-608
https://osu.ppy.sh/beatmapsets/680437#fruits/1438740,,Black Hole - Pluto (Ascendance) [Challenge],NM,605,,-605
https://osu.ppy.sh/beatmapsets/680437#fruits/1438740,,Black Hole - Pluto (Ascendance) [Challenge],NM,605,,-605
https://osu.ppy.sh/beatmapsets/2143352#fruits/4516817,,BAND-MAID - Sense (TV Size) (Verti) [Overdose],DT,605,,-605
https://osu.ppy.sh/beatmapsets/1482723#fruits/3046611,,katagiri - Urushi (Jemzuu) [Jemzuu & Nelly's Overdose],HR,605,,-605
https://osu.ppy.sh/beatmapsets/1880072#fruits/3870421,,Kikuo - Yousei no Kiri (Vararaup) [Damnjelly's Magical],HR,605,,-605
https://osu.ppy.sh/beatmapsets/1880072#fruits/3870421,,Kikuo - Yousei no Kiri (Vararaup) [Damnjelly's Magical],HR,605,,-605
https://osu.ppy.sh/beatmapsets/30581#fruits/100880,,Refresh - Summertime (ekowraith remix) (AndreasHD) [Insane],HR,605,,-605
https://osu.ppy.sh/beatmapsets/2278996#fruits/4862876,,Kaneko Chiharu - <<Re:miniscence>> (Daletto) [INFINITE],HR,602,,-602
https://osu.ppy.sh/beatmapsets/833719#fruits/1746414,,FOLiACETATE - Heterochromia Iridis (Deif) [o_O],NM,600,,-600
https://osu.ppy.sh/beatmapsets/2278996#fruits/5037463,,Kaneko Chiharu - <<Re:miniscence>> (Daletto) [CIEL'S GRAVITY],NM,600,,-600
https://osu.ppy.sh/beatmapsets/502512#fruits/1498005,,CustomiZ - COOLEST (Ascendance) [Overdose],DT,600,,-600
https://osu.ppy.sh/beatmapsets/2271671#fruits/4882744,,yanaginagi - Outsider (Spectator) [Lumi's Rain],DT,600,,-600
https://osu.ppy.sh/beatmapsets/1078698#fruits/2257055,,Kabocha - EmbryO (Ascendance) [DEIF'S HEAVENLY],NM,600,,-600
https://osu.ppy.sh/beatmapsets/30831#fruits/101597,,Various Artists - AKABEi SOFT2 Nonstop Remix (regenz) [Remix],DT,600,,-600
https://osu.ppy.sh/beatmapsets/942714#fruits/1982146,,HIMEHINA - Hitogata (TV Size) (Ryuusei Aika) [Len's Classic EX],HR,600,,-600
https://osu.ppy.sh/beatmapsets/28705#fruits/118068,,Yousei Teikoku - Kokou no Sousei (Saten-san) [Chaos],NM,600,,-600
https://osu.ppy.sh/beatmapsets/677104#fruits/1432041,,Ito Kanako - Sky of Twilight (Natsu) [Stairway To Heaven],EZ,600,,-600
https://osu.ppy.sh/beatmapsets/1234080#fruits/2567738,,HO-KAGO TEA TIME - Kira Kira Days (Keqing) [Shiawase!],EZ,600,,-600
https://osu.ppy.sh/beatmapsets/2385660#fruits/5202398,,Arash - Temptation (feat. Rebecca) (Nightcore Mix) (Natsuko) [~Verti's Temptation~],NM,595,,-595
https://osu.ppy.sh/beatmapsets/2268624#fruits/4831447,,Jeff Williams feat. Casey Lee Williams - Die (Cut Ver.) (Verti) [Overdose],DT,595,,-595
https://osu.ppy.sh/beatmapsets/1552869#fruits/3172816,,Noah - Deadly force - Put an end (Bunnrei) [Revolt from the Abyss],HT,595,,-595
https://osu.ppy.sh/beatmapsets/1541749#fruits/3173348,,Kaneko Chiharu - Lachryma <Re:Queen'M> (Lacrima) [SPEC'S GRAVITY],NM,590,,-590
https://osu.ppy.sh/beatmapsets/1258175#fruits/2615583,,CustomiZ - COOLEST (TV Size) (Ascendance) [GREAPER'S OVERDOSE],NM,590,,-590
https://osu.ppy.sh/beatmapsets/2165226#fruits/4884625,,tn-shi - Annihilation in F# Minor (Jemzuu) [Xinnoh's Overdose],NM,590,,-590
https://osu.ppy.sh/beatmapsets/1763100#fruits/3608702,,MisoilePunch ~pan soe~ - MeTear'n TruX (Verti) [Falling Star],NM,590,,-590
https://osu.ppy.sh/beatmapsets/1286508#fruits/2671140,,ABSOLUTE CASTAWAY - Shinsou Shintouron (-Luminate) [Paradox],HR,590,,-590
https://osu.ppy.sh/beatmapsets/1506932#fruits/3086528,,Noah - Deadly force - Put an end (Verti) [The End of the World],HTHR,590,,-590
https://osu.ppy.sh/beatmapsets/2107946#fruits/4423831,,ONE OK ROCK - 20/20 (Cut Ver.) (Kuki1537) [Expert],DT,590,,-590
https://osu.ppy.sh/beatmapsets/451250#fruits/968065,,Syaro(CV.Uchida Maaya) - Caffeine Fighter (Doormat) [Kilimanjaro],DT,590,,-590
https://osu.ppy.sh/beatmapsets/451250#fruits/968065,,Syaro(CV.Uchida Maaya) - Caffeine Fighter (Doormat) [Kilimanjaro],DT,590,,-590
https://osu.ppy.sh/beatmapsets/451250#fruits/968065,,Syaro(CV.Uchida Maaya) - Caffeine Fighter (Doormat) [Kilimanjaro],DT,590,,-590
https://osu.ppy.sh/beatmapsets/1543977#fruits/3178949,,Nekomata Master+ - chaos eater -IIDX edition- (Spectator) [Jemzuu's Deluge],NM,585,,-585
https://osu.ppy.sh/beatmapsets/1625860#fruits/3322944,,xi - Last Resort (fuhie) [Sinnoh's HEAVENLY],NM,585,,-585
https://osu.ppy.sh/beatmapsets/1088438#fruits/2275872,,"Imperial Circus Dead Decadence - Jashin no Konrei, Gi wa Ai to Shiru. (Daletto) [Enkiri]",NM,585,,-585
https://osu.ppy.sh/beatmapsets/1899836#fruits/3915991,,"BUMP OF CHICKEN - Hello,world! (TV Size) (Wanpachi) [Special]",HR,585,,-585
https://osu.ppy.sh/beatmapsets/2241059#fruits/4763025,,Hoshi Syoko (CV: Matsuda Satsumi) - Zettai Tokken Shuchou Shimasu! Hoshi Syoko Solo Remix (Cut Ver.) (Remilie) [Absolute Privilege!],NM,585,,-585
https://osu.ppy.sh/beatmapsets/1558024#fruits/3182677,,Shade - Ontology (Spectator) [Deluge],NM,585,,-585
https://osu.ppy.sh/beatmapsets/1558024#fruits/3182677,,Shade - Ontology (Spectator) [Deluge],NM,585,,-585
https://osu.ppy.sh/beatmapsets/2315333#fruits/4961223,,Yuki Setsuna (CV: Hayashi Coco) - Cherry Bomb (Game Ver.) (Ririmu) [Encore ! !],HR,580,,-580
https://osu.ppy.sh/beatmapsets/1998960#fruits/4520337,,sasakure.UK - AMARA (The Great Intelligence) (Mniam) [Sololiquy x Quix's Rain],DT,580,,-580
https://osu.ppy.sh/beatmapsets/1110955#fruits/2321247,,Raccoon Factory - Hyperion (JBHyperion) [Armageddon],NM,580,,-580
https://osu.ppy.sh/beatmapsets/2241735#fruits/4764524,,Camellia - Flamewall (Daletto) [Daletto & Rustyy's Flowers Resplendent on the Sun-Scorched Sojourn],HT,580,,-580
https://osu.ppy.sh/beatmapsets/17744#fruits/328412,,KOTOKO - Wing my way (ZHSteven) [Hell-Jumping],NM,580,,-580
https://osu.ppy.sh/beatmapsets/2288047#osu/4881934,,Nanahoshi Kangengakudan - Rubik's Cube (Heilia) [R U R' F' R U R' U' R' F R2 U' R' U'],NM,580,,-580
https://osu.ppy.sh/beatmapsets/996696#fruits/2184782,,EGOIST - The Everlasting Guilty Crown (TV Size) (Bastian) [chickenbible's Resonance],DT,578,,-578
https://osu.ppy.sh/beatmapsets/996696#fruits/2184782,,EGOIST - The Everlasting Guilty Crown (TV Size) (Bastian) [chickenbible's Resonance],DT,578,,-578
https://osu.ppy.sh/beatmapsets/857537#fruits/1791762,,Kuroneko Dungeon - Ryoushi no Umi no Lindwurm ([_-Kukkai-_]) [Lindwurm],NM,578,,-578
https://osu.ppy.sh/beatmapsets/857537#fruits/1791762,,Kuroneko Dungeon - Ryoushi no Umi no Lindwurm ([_-Kukkai-_]) [Lindwurm],NM,578,,-578
https://osu.ppy.sh/beatmapsets/2333588#fruits/5007881,,UROBOROS - Black Swallowtail (DizzyOracel) [One Winged Angel],NM,575,,-575
https://osu.ppy.sh/beatmapsets/1593143#fruits/3253933,,Noah - Immortal saga - Again (Verti) [A TALE OF AN IMMORTAL HERO],NM,575,,-575
https://osu.ppy.sh/beatmapsets/1288040#fruits/2674197,,Matsushita - Hey Darling! (-Joakh) [Delight],HR,575,,-575
https://osu.ppy.sh/beatmapsets/499488#fruits/1163473,,Kana Nishino - Sweet Dreams (11t dnb mix) (Ascendance) [MBomb's Platter],EZDT,571,,-571
https://osu.ppy.sh/beatmapsets/2434761#fruits/5306821,,DJ SHARPNEL - FUWANITY (Spectator) [Deluge],NM,570,,-570
https://osu.ppy.sh/beatmapsets/2384087#fruits/5180237,,Victorius - Age of Tyranny (CTBWhiteCat) [Miel's Overdose],HR,570,,-570
https://osu.ppy.sh/beatmapsets/1078698#fruits/2257061,,Kabocha - EmbryO (Ascendance) [REIMU'S VIVID],NM,570,,-570
https://osu.ppy.sh/beatmapsets/1078698#fruits/2257064,,Kabocha - EmbryO (Ascendance) [SINNOH'S GRAVITY],HR,570,,-570
https://osu.ppy.sh/beatmapsets/924882#fruits/2117063,,YUC'e - Future Candy ([_-Kukkai-_]) [Sanyi's Overdose],HR,570,,-570
https://osu.ppy.sh/beatmapsets/2352698#fruits/5064281,,ONE OK ROCK - American Girls (Juztan Remix) (Tylerderp) [Obsession],NM,570,,-570
https://osu.ppy.sh/beatmapsets/2254005#osu/4918328,,ume - Haruhi of The Sprite Tribe (AJT) [sstari's Extreme],HR,570,,-570
https://osu.ppy.sh/beatmapsets/1109062#osu/2317701,,Mia REGINA - My Sweet Maiden (Andrea) [Lust],NM,570,,-570
https://osu.ppy.sh/beatmapsets/1109062#osu/2317701,,Mia REGINA - My Sweet Maiden (Andrea) [Lust],NM,570,,-570
https://osu.ppy.sh/beatmapsets/1109062#osu/2317701,,Mia REGINA - My Sweet Maiden (Andrea) [Lust],NM,570,,-570
https://osu.ppy.sh/beatmapsets/1161953#fruits/2424031,,Shiggy Jr. - oyasumi (Secre) [Overdose],DT,567,,-567
https://osu.ppy.sh/beatmapsets/1161953#fruits/2424031,,Shiggy Jr. - oyasumi (Secre) [Overdose],DT,567,,-567
https://osu.ppy.sh/beatmapsets/1161953#fruits/2424031,,Shiggy Jr. - oyasumi (Secre) [Overdose],DT,567,,-567
https://osu.ppy.sh/beatmapsets/2292207#fruits/4906290,,TOGENASHI TOGEARI - Wrong World (Jemzuu) [Crowley's Overdose],NM,565,,-565
https://osu.ppy.sh/beatmapsets/1939725#fruits/4443678,,[Kyoro] - Mochio- (Spectator) [Kukkai's Deluge],HR,565,,-565
https://osu.ppy.sh/beatmapsets/1984907#fruits/4990808,,-45 - System Zero (skill issue lol) [Ciel's Demon Roulette],NM,565,,-565
https://osu.ppy.sh/beatmapsets/1078698#fruits/2257059,,Kabocha - EmbryO (Ascendance) [LACRIMA'S VIVID],NM,565,,-565
https://osu.ppy.sh/beatmapsets/1958376#fruits/4067074,,Ashrount - Bleary Vagary (Jemzuu) [Unlucky's Overdose],NM,560,,-560
https://osu.ppy.sh/beatmapsets/1129636#fruits/2359821,,rejection - Signal feat. Such (-MomoX) [Disconnection],NM,560,,-560
https://osu.ppy.sh/beatmapsets/1715139#fruits/3504487,,Silentroom - XHRONOXAPSULE (Jemzuu) [XATAXLYSM],HT,560,,-560
https://osu.ppy.sh/beatmapsets/49916#fruits/195525,,Zwei - Inanna no Mita Yume (Short Ver.) (Natsume) [Deif's Overdose],HR,560,,-560
https://osu.ppy.sh/beatmapsets/717528#fruits/1549787,,Kaori Miyazono (CV. Risa Taneda) - My Truth~Rondo capriccioso (Linada) [Ascendance & Spec's Duet],HR,560,,-560
https://osu.ppy.sh/beatmapsets/114741#fruits/297454,,LeaF - Calamity Fortune (Krah) [Rain],HR,560,,-560
https://osu.ppy.sh/beatmapsets/306012#fruits/933686,,sHimaU - SLOTcore Is Dead (Arphimigon) [SIX],NM,560,,-560
https://osu.ppy.sh/beatmapsets/355573#fruits/784791,,O2i3 - Ooi [Game Edit] (Fort) [Game Over],NM,557,,-557
https://osu.ppy.sh/beatmapsets/1500887#fruits/3075532,,VINXIS - Sidetracked Day (Razor Sharp) [Calm],NM,556,,-556
https://osu.ppy.sh/beatmapsets/2233104#fruits/4801374,,Xyris - Nefelibata (-Rustyy) [Zileni's Deluge],NM,555,,-555
https://osu.ppy.sh/beatmapsets/1123002#fruits/4436876,,MY FIRST STORY - 2 FACE (Bastian) [Vaqu's Overdose],HR,555,,-555
https://osu.ppy.sh/beatmapsets/1379745#fruits/2850988,,GYZE - HONESTY (-Joakh) [REDEMPTION],NM,555,,-555
https://osu.ppy.sh/beatmapsets/1379745#fruits/2850988,,GYZE - HONESTY (-Joakh) [REDEMPTION],NM,555,,-555
https://osu.ppy.sh/beatmapsets/974743#fruits/2414897,,Raujika - Cry More (Benita) [Lacrima's Reminiscence],DT,555,,-555
https://osu.ppy.sh/beatmapsets/41242#fruits/202756,,Yousei Teikoku - The Creator (meiikyuu) [Nyaten],NM,555,,-555
https://osu.ppy.sh/beatmapsets/979438#fruits/2054224,,Cranky - EMPEROR (JBHyperion) [PLATTER],EZDT,553,,-553
https://osu.ppy.sh/beatmapsets/2235979#fruits/4749827,,MAZARE - Mazare Party (Verti) [Eternal Party],NM,550,,-550
https://osu.ppy.sh/beatmapsets/2384087#fruits/5155017,,Victorius - Age of Tyranny (CTBWhiteCat) [Apocalypse],NM,550,,-550
https://osu.ppy.sh/beatmapsets/2292207#fruits/4920904,,TOGENASHI TOGEARI - Wrong World (Jemzuu) [Joakh's Overdose],NM,550,,-550
https://osu.ppy.sh/beatmapsets/1939725#fruits/4443678,,[Kyoro] - Mochio- (Spectator) [Kukkai's Deluge],HR,550,,-550
https://osu.ppy.sh/beatmapsets/128645#fruits/367175,,M2U feat. Guriri - Magnolia (-kevincela-) [AngelHoney's ExtrA],NM,550,,-550
https://osu.ppy.sh/beatmapsets/2144555#fruits/4515559,,FELT - New World (-Aku) [Extra Stage],HR,548,,-548
https://osu.ppy.sh/beatmapsets/27104#fruits/142954,,Yousei Teikoku - Senketsu no Chikai (Saten) [Insanity],NM,547,,-547
https://osu.ppy.sh/beatmapsets/1828947#fruits/3753760,,Neko Hacker - People People feat. Nanahira (My Angel RangE) [-Alien Alien-],NM,545,,-545
https://osu.ppy.sh/beatmapsets/1828947#fruits/3753760,,Neko Hacker - People People feat. Nanahira (My Angel RangE) [-Alien Alien-],NM,545,,-545
https://osu.ppy.sh/beatmapsets/2081831#fruits/4359942,,C-Show - GIMME DA BLOOD (Nosuri) [DELUGE],NM,545,,-545
https://osu.ppy.sh/beatmapsets/2000365#fruits/4158941,,Sabaton - Twilight Of The Thunder God (Kimitakari) [Kimitakari & M0RU's Ascension to Valhalla],HR,545,,-545
https://osu.ppy.sh/beatmapsets/47710#osu/178966,,HujuniseikouyuuP - Talent Shredder (val0108) [0108 style],NM,545,,-545
https://osu.ppy.sh/beatmapsets/2207812#fruits/4675222,,Yousei Teikoku - Shinteki Souzou (Game Ver.) (Kukkai) [Divine],NM,544,,-544
https://osu.ppy.sh/beatmapsets/2424147#fruits/5275994,,#N/A,NM,544,,-544
https://osu.ppy.sh/beatmapsets/1818185#fruits/3736782,,Green Day - American Idiot (Sotarks) [Reform's Expert],NM,543,,-543
https://osu.ppy.sh/beatmapsets/1794186#fruits/3689949,,Shadow Of Intent - The Return (Daletto) [Daletto & Rustyy's Overdose],NM,540,,-540
https://osu.ppy.sh/beatmapsets/2333588#fruits/5151256,,UROBOROS - Black Swallowtail (DizzyOracel) [MILK's Deluge],NM,540,,-540
https://osu.ppy.sh/beatmapsets/2146604#fruits/4521650,,nao - Towa naru Kizuna to Omoi no Kiseki (-Aku) [~Deluge~],NM,540,,-540
https://osu.ppy.sh/beatmapsets/2159616#fruits/4553486,,Tatsh - IMAGE -MATERIAL- (Game Ver.) (fayew) [Envision],HR,540,,-540
https://osu.ppy.sh/beatmapsets/1631702#fruits/3330758,,Morimori Atsushi - Mangetsu no Chikurin (MRM REMIX) (Kukkai) [Moonlight],HR,540,,-540
https://osu.ppy.sh/beatmapsets/591442#fruits/1265756,,S3RL feat Harri Rush - Nostalgic (Nightcore Mix) (nold_1702) [Crystal's Execution],NM,540,,-540
https://osu.ppy.sh/beatmapsets/733027#fruits/1546489,,ClariS - SHIORI -TV size mix- (Ascendance) [Memory],DT,540,,-540
https://osu.ppy.sh/beatmapsets/1899836#fruits/3915991,,"BUMP OF CHICKEN - Hello,world! (TV Size) (Wanpachi) [Special]",NM,540,,-540
https://osu.ppy.sh/beatmapsets/1612932#fruits/3293033,,Frums - theyaremanycolors (Spectator) [deluge],NM,535,,-535
https://osu.ppy.sh/beatmapsets/1612932#fruits/3293033,,Frums - theyaremanycolors (Spectator) [deluge],NM,535,,-535
https://osu.ppy.sh/beatmapsets/1715139#fruits/3526451,,Silentroom - XHRONOXAPSULE (Jemzuu) [XINNOH'S HEAVENLY],NM,535,,-535
https://osu.ppy.sh/beatmapsets/1715139#fruits/3526451,,Silentroom - XHRONOXAPSULE (Jemzuu) [XINNOH'S HEAVENLY],NM,535,,-535
https://osu.ppy.sh/beatmapsets/2191184#fruits/4634735,,Falling In Reverse - Watch The World Burn (Daletto) [Hypnotizing],NM,535,,-535
https://osu.ppy.sh/beatmapsets/629384#fruits/1328778,,Camellia - Towards The Horizon (Sinnoh) [Vanishing Point],NM,535,,-535
https://osu.ppy.sh/beatmapsets/2264181#fruits/4827192,,UROBOROS - Black Swallowtail (TV Size) (Pepti) [Vaqu's Deluge],HR,535,,-535
https://osu.ppy.sh/beatmapsets/1958376#fruits/4063576,,Ashrount - Bleary Vagary (Jemzuu) [fayew's Overdose],HR,533,,-533
https://osu.ppy.sh/beatmapsets/1727694#fruits/3533276,,Toromaru - Formless Canvas (DeviousPanda) [Down's Extreme],NM,533,,-533
https://osu.ppy.sh/beatmapsets/1368447#fruits/2830820,,Umeboshi Chazuke - Bison Charge (Nelly) [Greaper's Deluge],HR,530,,-530
https://osu.ppy.sh/beatmapsets/1489293#fruits/3052986,,Kobaryo - Invisible Frenzy (Kukkai) [Breakdown],NM,530,,-530
https://osu.ppy.sh/beatmapsets/1831275#fruits/4411470,,MisoilePunch - MixxioN (fayew) [KUKKAI'S INFINITE],HR,530,,-530
https://osu.ppy.sh/beatmapsets/1831275#fruits/4411470,,MisoilePunch - MixxioN (fayew) [KUKKAI'S INFINITE],HR,530,,-530
https://osu.ppy.sh/beatmapsets/1774562#fruits/3633672,,kanemiko - Electrolytes (Unlucky_w) [Overdose],NM,530,,-530
https://osu.ppy.sh/beatmapsets/2302808#fruits/4921983,,cosMo@BousouP - Oceanus (Verti) [A Symphony of Ocean Tides],NM,528,,-528
https://osu.ppy.sh/beatmapsets/2235979#fruits/5022245,,MAZARE - Mazare Party (Verti) [Zileni & yeeeter's Deluge],NM,525,,-525
https://osu.ppy.sh/beatmapsets/1514014#fruits/3099695,,Project Grimoire - Excalibur ~Revived resolution~ (Souvenir) [~Legendary Sword~],NM,525,,-525
https://osu.ppy.sh/beatmapsets/703957#fruits/1489207,,Panda Eyes & Teminite - Immortal Flame (feat. Anna Yvette) (Sotarks) [Eternal Blaze],NM,525,,-525
https://osu.ppy.sh/beatmapsets/1791427#fruits/3671047,,"Minazuki Airi with Atsushi - Daisuki, Evolution (Bastian) [Daletto's Best... Girl?!]",HR,523,,-523
https://osu.ppy.sh/beatmapsets/727329#fruits/2404182,,TERRASPEX - AMAZING BREAK (Spectator) [CRYSTAL SPEC'S DELUGE],NM,523,,-523
https://osu.ppy.sh/beatmapsets/2143352#fruits/4512206,,BAND-MAID - Sense (TV Size) (Verti) [Deluge],HR,520,,-520
https://osu.ppy.sh/beatmapsets/815097#fruits/1709530,,"CustomiZ - COOLEST (Ascendance) [Cool, Cooler, COOLEST!]",NM,520,,-520
https://osu.ppy.sh/beatmapsets/1224186#fruits/2546205,,"siqlo - Midnight, Sunrise Sign (Rocma) [Deluge]",NM,520,,-520
https://osu.ppy.sh/beatmapsets/2230485#fruits/4781043,,Sasuke Haraguchi feat. Kasane Teto - Igaku (Spectator) [Verti's Platter],HRDT,520,,-520
https://osu.ppy.sh/beatmapsets/1270628#fruits/2640484,,ALiCE'S EMOTiON - Dark Flight Dreamer (Bastian) [Bastian & Vale's Overdose],HR,520,,-520
https://osu.ppy.sh/beatmapsets/295647#fruits/664095,,Jerico - Industrial Nation (Kloyd) [Made in Korea],NM,520,,-520
https://osu.ppy.sh/beatmapsets/802003#fruits/1686613,,#N/A,HR,520,,-520
https://osu.ppy.sh/beatmapsets/802003#fruits/1686613,,#N/A,HR,520,,-520
https://osu.ppy.sh/beatmapsets/1141606#fruits/2598933,,Swimy - Acchi Muite (FuJu) [Kowari's Extra],NM,520,,-520
https://osu.ppy.sh/beatmapsets/697012#fruits/1590861,,tofubeats - CANDYYYLAND feat. LIZ (Pa's Lam System Remix) (Kukkai) [Deluge],NM,518,,-518
https://osu.ppy.sh/beatmapsets/1270628#fruits/2650493,,ALiCE'S EMOTiON - Dark Flight Dreamer (Bastian) [Greaper's Starlight Typhoon],NM,517,,-517
https://osu.ppy.sh/beatmapsets/1518662#fruits/3129496,,kamome sano Electric Orchestra - FIN4LE ~Shuushisen no Kanata e~ ([_-Kukkai-_]) [LACRIMA'S HEAVENLY],NM,515,,-515
https://osu.ppy.sh/beatmapsets/1518662#fruits/3129496,,kamome sano Electric Orchestra - FIN4LE ~Shuushisen no Kanata e~ ([_-Kukkai-_]) [LACRIMA'S HEAVENLY],NM,515,,-515
https://osu.ppy.sh/beatmapsets/2385660#fruits/5159736,,Arash - Temptation (feat. Rebecca) (Nightcore Mix) (Natsuko) [~Farewell~],NM,515,,-515
https://osu.ppy.sh/beatmapsets/2385660#fruits/5159736,,Arash - Temptation (feat. Rebecca) (Nightcore Mix) (Natsuko) [~Farewell~],NM,515,,-515
https://osu.ppy.sh/beatmapsets/2418434#fruits/5258704,,Apocalyptica - Reign of Fear (mieldeprairie) [Resurrection],NM,510,,-510
https://osu.ppy.sh/beatmapsets/2418434#fruits/5258704,,Apocalyptica - Reign of Fear (mieldeprairie) [Resurrection],NM,510,,-510
https://osu.ppy.sh/beatmapsets/1939725#fruits/4443678,,[Kyoro] - Mochio- (Spectator) [Kukkai's Deluge],NM,510,,-510
https://osu.ppy.sh/beatmapsets/2278996#fruits/4862876,,Kaneko Chiharu - <<Re:miniscence>> (Daletto) [INFINITE],NM,510,,-510
https://osu.ppy.sh/beatmapsets/697012#fruits/4557729,,tofubeats - CANDYYYLAND feat. LIZ (Pa's Lam System Remix) (Kukkai) [Overdose],HR,510,,-510
https://osu.ppy.sh/beatmapsets/2111139#fruits/4431745,,"TUYU - Shuuten no Saki ga Aru to Suru naraba. (Mochi -) [If there's no endpoint, I just want to disappear.]",NM,510,,-510
https://osu.ppy.sh/beatmapsets/355573#fruits/784791,,O2i3 - Ooi [Game Edit] (Fort) [Game Over],NM,510,,-510
https://osu.ppy.sh/beatmapsets/17744#fruits/328412,,KOTOKO - Wing my way (ZHSteven) [Hell-Jumping],NM,510,,-510
https://osu.ppy.sh/beatmapsets/2292175#fruits/4894077,,jun with Alison - SUNKiSS <3 DROP ~jun Side~ (Ascendance) [SUMMER LOVE],NM,507,,-507
https://osu.ppy.sh/beatmapsets/2381870#fruits/5149537,,"MY FIRST STORY feat. chelly (EGOIST) - 1,000,000 TIMES (Verti) [Verti & Dizzy's Unconventional World]",NM,507,,-507
https://osu.ppy.sh/beatmapsets/1715139#fruits/3543662,,Silentroom - XHRONOXAPSULE (Jemzuu) [VERTI'S GRAVITY],NM,505,,-505
https://osu.ppy.sh/beatmapsets/1715139#fruits/3563232,,Silentroom - XHRONOXAPSULE (Jemzuu) [INFINITE],HR,505,,-505
https://osu.ppy.sh/beatmapsets/1516269#fruits/3403178,,yanaginagi - Tokohana (Secre) [Bastian's Rain],DT,505,,-505
https://osu.ppy.sh/beatmapsets/1516269#fruits/3403178,,yanaginagi - Tokohana (Secre) [Bastian's Rain],DT,505,,-505
https://osu.ppy.sh/beatmapsets/2385660#fruits/5168267,,Arash - Temptation (feat. Rebecca) (Nightcore Mix) (Natsuko) [~Aku's Overdose~],HR,503,,-503
https://osu.ppy.sh/beatmapsets/2268624#fruits/4831446,,Jeff Williams feat. Casey Lee Williams - Die (Cut Ver.) (Verti) [Joakh's Overdose],HR,503,,-503
https://osu.ppy.sh/beatmapsets/2203299#fruits/4663536,,VINXIS - Sidetracked Day (Verti) [Deviated],NM,500,,-500
https://osu.ppy.sh/beatmapsets/2264181#fruits/4820086,,UROBOROS - Black Swallowtail (TV Size) (Pepti) [Six Flowers],HR,500,,-500
https://osu.ppy.sh/beatmapsets/2165226#fruits/4885932,,tn-shi - Annihilation in F# Minor (Jemzuu) [Overdose],NM,500,,-500
https://osu.ppy.sh/beatmapsets/698454#fruits/2229787,,yanaginagi - over and over (TV Size) (Jemzuu) [tasuke's overdose],DT,500,,-500
https://osu.ppy.sh/beatmapsets/2446103#fruits/5339354,,#N/A,HR,500,,-500
https://osu.ppy.sh/beatmapsets/1734804#fruits/3550346,,Beethoven - Moonlight Sonata 3rd Movement (meganeko remix) (Dapuluous) [Hyperion's Platter],EZDT,500,,-500
https://osu.ppy.sh/beatmapsets/2203299#fruits/4663536,,VINXIS - Sidetracked Day (Verti) [Deviated],NM,500,,-500
https://osu.ppy.sh/beatmapsets/2203299#fruits/4663536,,VINXIS - Sidetracked Day (Verti) [Deviated],NM,500,,-500
https://osu.ppy.sh/beatmapsets/1615177#fruits/3690393,,Silver Forest - Tsurupettan (Game Ver.) (Bloxi) [UberFazz's Watermelon Extra],NM,500,,-500
https://osu.ppy.sh/beatmapsets/1615177#fruits/3690393,,Silver Forest - Tsurupettan (Game Ver.) (Bloxi) [UberFazz's Watermelon Extra],NM,500,,-500
https://osu.ppy.sh/beatmapsets/30581#fruits/100880,,Refresh - Summertime (ekowraith remix) (AndreasHD) [Insane],NM,500,,-500
https://osu.ppy.sh/beatmapsets/2276946#fruits/4852514,,Yousei Teikoku - Kuusou Mesorogiwi (TV Size) (Kuki1537) [Decree],NM,500,,-500
https://osu.ppy.sh/beatmapsets/1939725#fruits/4443678,,[Kyoro] - Mochio- (Spectator) [Kukkai's Deluge],NM,495,,-495
https://osu.ppy.sh/beatmapsets/1426534#fruits/3220234,,HO-KAGO TEA TIME - Kira Kira Days (Cut Ver.) (Secre) [Bastian's Rain],DT,495,,-495
https://osu.ppy.sh/beatmapsets/1426534#fruits/3220234,,HO-KAGO TEA TIME - Kira Kira Days (Cut Ver.) (Secre) [Bastian's Rain],DT,495,,-495
https://osu.ppy.sh/beatmapsets/1426534#fruits/3220234,,HO-KAGO TEA TIME - Kira Kira Days (Cut Ver.) (Secre) [Bastian's Rain],DT,495,,-495
https://osu.ppy.sh/beatmapsets/1672890#fruits/3417222,,Azuna Riko - keep weaving your spider way (TV Size) (Secre) [Nightmare],HR,495,,-495
https://osu.ppy.sh/beatmapsets/30581#fruits/100880,,Refresh - Summertime (ekowraith remix) (AndreasHD) [Insane],NM,494,,-494
https://osu.ppy.sh/beatmapsets/2384087#fruits/5180237,,Victorius - Age of Tyranny (CTBWhiteCat) [Miel's Overdose],NM,490,,-490
https://osu.ppy.sh/beatmapsets/1278683#fruits/2656561,,Ayase Rie - Hijitsuzaikei Joshitachi wa Dou Surya Ii Desu ka? (-Luminate) [Deluge],NM,490,,-490
https://osu.ppy.sh/beatmapsets/730517#fruits/1541711,,Yooh - Dynasty -da capo- (Ascendance) [Utopia],NM,490,,-490
https://osu.ppy.sh/beatmapsets/545757#fruits/2084234,,KikuoHana - Nobore! Susume! Takai Tou (dika312) [The Grand Tower],NM,490,,-490
https://osu.ppy.sh/beatmapsets/165391#fruits/443046,,Jin feat. MARiA from GARNiDELiA - daze (short ver.) (luxoDeh) [Crystal's Overdose],HR,490,,-490
https://osu.ppy.sh/beatmapsets/2401198#fruits/5206842,,#N/A,HR,490,,-490
https://osu.ppy.sh/beatmapsets/1447060#fruits/2975904,,Denkishiki Karen Ongaku Shuudan - Gareki no Yume (-Luminate) [Sinnoh's Overdose],NM,485,,-485
https://osu.ppy.sh/beatmapsets/1610127#fruits/3288956,,MIOYAMAZAKI - Noise (TV Size) (zerokt) [Secre's Goodbye],HR,485,,-485
https://osu.ppy.sh/beatmapsets/2407802#fruits/5226162,,"Kazuhiko Uehara, Harumi Ueko - Climactic Battle ([ Azu- ]) [Pepperoni Pizza]",NM,480,,-480
https://osu.ppy.sh/beatmapsets/1779476#fruits/3725669,,URBANGARDE - KIMI WA OKUMAGASO (JBHyperion) [Verti's Rain],HR,480,,-480
https://osu.ppy.sh/beatmapsets/1288040#fruits/2674197,,Matsushita - Hey Darling! (-Joakh) [Delight],NM,480,,-480
https://osu.ppy.sh/beatmapsets/1604062#fruits/3281600,,nano - Bull's Eye (TV Size) (Ascendance) [Secre's Overdose],DT,480,,-480
https://osu.ppy.sh/beatmapsets/1806253#fruits/3704161,,DIALOGUE+ - Deneb to Spica (TV Size) (Greaper) [Secre's Rain],DT,480,,-480
https://osu.ppy.sh/beatmapsets/1806253#fruits/3704161,,DIALOGUE+ - Deneb to Spica (TV Size) (Greaper) [Secre's Rain],DT,480,,-480
https://osu.ppy.sh/beatmapsets/1078698#fruits/2257064,,Kabocha - EmbryO (Ascendance) [SINNOH'S GRAVITY],NM,480,,-480
https://osu.ppy.sh/beatmapsets/2151953#fruits/4534109,,IOSYS - Scarlet Keisatsu no Ghetto Patrol 24-ji (Rocma) [Rain],HR,480,,-480
https://osu.ppy.sh/beatmapsets/2151953#fruits/4534109,,IOSYS - Scarlet Keisatsu no Ghetto Patrol 24-ji (Rocma) [Rain],NM,480,,-480
https://osu.ppy.sh/beatmapsets/2151953#fruits/4534109,,IOSYS - Scarlet Keisatsu no Ghetto Patrol 24-ji (Rocma) [Rain],NM,480,,-480
https://osu.ppy.sh/beatmapsets/1131227#fruits/2362934,,Mia REGINA - My Sweet Maiden (TV Size) (Bastian) [Rain],DT,480,,-480
https://osu.ppy.sh/beatmapsets/2198800#fruits/4653119,,ARForest - The Last Page (Ascendance) [Final Chapter],HR,480,,-480
https://osu.ppy.sh/beatmapsets/2254005#osu/4918328,,ume - Haruhi of The Sprite Tribe (AJT) [sstari's Extreme],NM,480,,-480
https://osu.ppy.sh/beatmapsets/511635#fruits/3031797,,Yuaru - Streaming Heart (Aerous) [Love Lost],EZ,480,,-480
https://osu.ppy.sh/beatmapsets/2406776#fruits/5223324,,HUNTR/X - Golden (KeyWee) [Born to Be],NM,480,,-480
https://osu.ppy.sh/beatmapsets/1618250#fruits/3322201,,Tamura Yukari - Himitsu no Tobira kara Ai ni Kite (TV Size) (Nakano Ichika) [Kagari's Rain],DT,477,,-477
https://osu.ppy.sh/beatmapsets/1293905#fruits/2829052,,UNDEAD CORPORATION - Everything will freeze (NyalettOwO x3) [Du5t's Deluge],NM,475,,-475
https://osu.ppy.sh/beatmapsets/2428693#fruits/5308110,,Demi Lovato - Heart Attack (Rock Ver.) (Nightcore & Cut Ver.) (Smoke) [Ram's Extreme],NM,475,,-475
https://osu.ppy.sh/beatmapsets/1939725#fruits/4444174,,[Kyoro] - Mochio- (Spectator) [Xinnoh's Overdose],HR,473,,-473
https://osu.ppy.sh/beatmapsets/1939725#fruits/4444174,,[Kyoro] - Mochio- (Spectator) [Xinnoh's Overdose],HR,473,,-473
https://osu.ppy.sh/beatmapsets/2238952#fruits/4861583,,Nanahoshi Kangengakudan - Rubik's Cube (Spectator) [Verti's Overdose],NM,473,,-473
https://osu.ppy.sh/beatmapsets/727329#fruits/1541641,,TERRASPEX - AMAZING BREAK (Spectator) [OVERDOSE],HR,471,,-471
https://osu.ppy.sh/beatmapsets/1498429#fruits/3136613,,"Fear, and Loathing in Las Vegas - Just Awake (TV Size) (Secre) [Bastian's Rain]",DT,470,,-470
https://osu.ppy.sh/beatmapsets/1078698#fruits/2257062,,Kabocha - EmbryO (Ascendance) [REI'S GRAVITY],NM,470,,-470
https://osu.ppy.sh/beatmapsets/1078698#fruits/2257057,,Kabocha - EmbryO (Ascendance) [HIMIKO'S INFINITE],HR,470,,-470
https://osu.ppy.sh/beatmapsets/1286508#fruits/2671140,,ABSOLUTE CASTAWAY - Shinsou Shintouron (-Luminate) [Paradox],NM,470,,-470
https://osu.ppy.sh/beatmapsets/108037#fruits/290744,,wowaka - World's End Dancehall (CLSW) [Salad],HRDT,470,,-470
https://osu.ppy.sh/beatmapsets/2264181#fruits/4834785,,UROBOROS - Black Swallowtail (TV Size) (Pepti) [Zilepti's Deluge],HR,470,,-470
https://osu.ppy.sh/beatmapsets/857537#fruits/1830272,,Kuroneko Dungeon - Ryoushi no Umi no Lindwurm ([_-Kukkai-_]) [Deluge],NM,470,,-470
https://osu.ppy.sh/beatmapsets/2299543#fruits/4913633,,Nekomiya Eto - Bunny Girl (Log Off Now) [Etorin],NM,470,,-470
https://osu.ppy.sh/beatmapsets/2282079#fruits/4865837,,CHiCO with HoneyWorks - color (Cut Ver.) (sawarabi) [Hello],DT,468,,-468
https://osu.ppy.sh/beatmapsets/2151953#fruits/4534107,,IOSYS - Scarlet Keisatsu no Ghetto Patrol 24-ji (Rocma) [Overdose],NM,467,,-467
https://osu.ppy.sh/beatmapsets/2432675#fruits/5305947,,#N/A,NM,467,,-467
https://osu.ppy.sh/beatmapsets/1052199#fruits/2198934,,Camellia - Racemization (Ciyus Miapah) [extreme],EZ,465,,-465
https://osu.ppy.sh/beatmapsets/1493251#fruits/3060860,,t+pazolite - Refactoring Travel (feat. Nanahira) (Cut Ver.) (My Angel RangE) [Travel],HR,463,,-463
https://osu.ppy.sh/beatmapsets/1493251#fruits/3060860,,t+pazolite - Refactoring Travel (feat. Nanahira) (Cut Ver.) (My Angel RangE) [Travel],HR,463,,-463
https://osu.ppy.sh/beatmapsets/2315333#fruits/4961223,,Yuki Setsuna (CV: Hayashi Coco) - Cherry Bomb (Game Ver.) (Ririmu) [Encore ! !],NM,460,,-460
https://osu.ppy.sh/beatmapsets/1123002#fruits/4395029,,MY FIRST STORY - 2 FACE (Bastian) [Verti's 4 HEAD],NM,460,,-460
https://osu.ppy.sh/beatmapsets/1794190#fruits/3737282,,Se-U-Ra - The Endless for Traveler (JBHyperion) [Jemzuu's Overdose],NM,460,,-460
https://osu.ppy.sh/beatmapsets/1334111#fruits/2814444,,Igorrr - Pavor Nocturnus (Spectator) [Secre's Platter],HR,460,,-460
https://osu.ppy.sh/beatmapsets/1426534#fruits/2937547,,HO-KAGO TEA TIME - Kira Kira Days (Cut Ver.) (Secre) [Shiawase!!!],HR,460,,-460
https://osu.ppy.sh/beatmapsets/873024#fruits/1824907,,Hanatan - Jishou Mushoku (chickenbible) [Smile],HR,460,,-460
https://osu.ppy.sh/beatmapsets/1724385#fruits/3531190,,Mitsuki - Eeliaas (Deif) [Platter],EZDT,460,,-460
https://osu.ppy.sh/beatmapsets/1779476#fruits/3725669,,URBANGARDE - KIMI WA OKUMAGASO (JBHyperion) [Verti's Rain],HR,460,,-460
https://osu.ppy.sh/beatmapsets/1779476#fruits/3725669,,URBANGARDE - KIMI WA OKUMAGASO (JBHyperion) [Verti's Rain],HR,460,,-460
https://osu.ppy.sh/beatmapsets/1677752#fruits/3457205,,:) feat. KAFU - Alma (Ducky-) [:]],NM,460,,-460
https://osu.ppy.sh/beatmapsets/357539#fruits/1231520,,Feint - We Won't Be Alone (feat. Laura Brehm) (Cheesecake) [Hikaru's Rose Extra],NM,460,,-460
https://osu.ppy.sh/beatmapsets/1009824#fruits/2206596,,PSYQUI - Hype feat. Such (lapix Remix) (Ascendance) [Crystal's Ethereal],NM,458,,-458
https://osu.ppy.sh/beatmapsets/1779476#fruits/3644367,,URBANGARDE - KIMI WA OKUMAGASO (JBHyperion) [Untouchable],NM,455,,-455
https://osu.ppy.sh/beatmapsets/1639983#fruits/3347292,,Falcom Sound Team jdk - Inevitable Struggle -demo version- (Nelly) [Rain],HR,452,,-452
https://osu.ppy.sh/beatmapsets/1639983#fruits/3347292,,Falcom Sound Team jdk - Inevitable Struggle -demo version- (Nelly) [Rain],HR,452,,-452
https://osu.ppy.sh/beatmapsets/418826#fruits/906421,,DystopiaGround - AugoEidEs (koliron) [Freezing],NM,450,,-450
https://osu.ppy.sh/beatmapsets/1861290#fruits/4295522,,Morimori Atsushi - Laevateinn (Verti) [Noctalium's Overdose],NM,450,,-450
https://osu.ppy.sh/beatmapsets/134151#fruits/350314,,Hanatan - Airman ga Taosenai (SOUND HOLIC Ver.) (Natsu) [Yue's Rain],NM,450,,-450
https://osu.ppy.sh/beatmapsets/1498429#fruits/3136614,,"Fear, and Loathing in Las Vegas - Just Awake (TV Size) (Secre) [Overdose]",HR,450,,-450
https://osu.ppy.sh/beatmapsets/1464988#fruits/3307855,,LazuLight - Diamond City Lights (Secre) [Verti's Rain],EZ,450,,-450
https://osu.ppy.sh/beatmapsets/2287284#osu/4919463,,Phoneboy - Nevermind (feat. Justin Magnaye) (Nightcore Mix) (-aly) [Hayakou's Extreme],EZ,450,,-450
https://osu.ppy.sh/beatmapsets/1966337#fruits/4120216,,Down - Yamangomcpro6th (zerokt) [Secre's Deluge],NM,445,,-445
https://osu.ppy.sh/beatmapsets/1966337#fruits/4120216,,Down - Yamangomcpro6th (zerokt) [Secre's Deluge],NM,445,,-445
https://osu.ppy.sh/beatmapsets/1447060#fruits/2991833,,Denkishiki Karen Ongaku Shuudan - Gareki no Yume (-Luminate) [IDu5t's Overdose],HR,445,,-445
https://osu.ppy.sh/beatmapsets/1141606#fruits/2598933,,Swimy - Acchi Muite (FuJu) [Kowari's Extra],EZ,445,,-445
https://osu.ppy.sh/beatmapsets/31750#fruits/104842,,S.S.H. - Holy Orders (Deif) [LKs],NM,445,,-445
https://osu.ppy.sh/beatmapsets/1791427#fruits/3671047,,"Minazuki Airi with Atsushi - Daisuki, Evolution (Bastian) [Daletto's Best... Girl?!]",NM,444,,-444
https://osu.ppy.sh/beatmapsets/1791427#fruits/3671047,,"Minazuki Airi with Atsushi - Daisuki, Evolution (Bastian) [Daletto's Best... Girl?!]",NM,444,,-444
https://osu.ppy.sh/beatmapsets/1939725#fruits/4451967,,[Kyoro] - Mochio- (Spectator) [Mochi's Overdose],HR,443,,-443
https://osu.ppy.sh/beatmapsets/1836953#fruits/3771828,,#N/A,NM,440,,-440
https://osu.ppy.sh/beatmapsets/1836859#fruits/3799302,,KELUN - CHU-BURA (TV Size) (Secre) [Rain],DT,440,,-440
https://osu.ppy.sh/beatmapsets/2023911#fruits/4216589,,Shiro (CV: Kayano Ai) - Oracion (TV Size) (Usaha) [Neetdose],DT,440,,-440
https://osu.ppy.sh/beatmapsets/2432675#fruits/5300464,,#N/A,NM,440,,-440
https://osu.ppy.sh/beatmapsets/942866#fruits/1970565,,Getter Jaani - Rockefeller Street (Nightcore Mix) (Sotarks) [Reform's Expert],NM,440,,-440
https://osu.ppy.sh/beatmapsets/2376936#fruits/5135031,,Linkin Park - Let You Fade (Cut Ver.) (Sotarks) [Unforgotten],NM,440,,-440
https://osu.ppy.sh/beatmapsets/559489#fruits/1183255,,96neko - Uso no Hibana (Gaia) [Monstraia's Extra],NM,440,,-440
https://osu.ppy.sh/beatmapsets/335864#osu/813938,,Shindehai - ONE-PUNCH MAN FOREVER (Yoges) [estellia's X-Class],NM,440,,-440
https://osu.ppy.sh/beatmapsets/1285290#fruits/2704547,,KISIDA KYODAN & THE AKEBOSI ROCKETS - secret philosophy (Cut Ver.) (Serafeim) [roda's extra stage],NM,440,,-440
https://osu.ppy.sh/beatmapsets/335864#osu/813938,,Shindehai - ONE-PUNCH MAN FOREVER (Yoges) [estellia's X-Class],NM,440,,-440
https://osu.ppy.sh/beatmapsets/335864#osu/813938,,Shindehai - ONE-PUNCH MAN FOREVER (Yoges) [estellia's X-Class],NM,440,,-440
https://osu.ppy.sh/beatmapsets/2092449#fruits/4404069,,Hommarju feat. Latte - masterpiece (Cut Ver.) (Enon) [Collab Expert],NM,440,,-440
https://osu.ppy.sh/beatmapsets/802003#fruits/1686613,,#N/A,NM,437,,-437
https://osu.ppy.sh/beatmapsets/2143352#fruits/4512206,,BAND-MAID - Sense (TV Size) (Verti) [Deluge],NM,435,,-435
https://osu.ppy.sh/beatmapsets/90068#fruits/256027,,bibuko - Reizouko Mitara Pudding ga Nai (val0108) [Jumpudding!],NM,435,,-435
https://osu.ppy.sh/beatmapsets/2432675#fruits/5315996,,#N/A,NM,434,,-434
https://osu.ppy.sh/beatmapsets/974743#fruits/2414897,,Raujika - Cry More (Benita) [Lacrima's Reminiscence],HR,432,,-432
https://osu.ppy.sh/beatmapsets/2159616#fruits/4553486,,Tatsh - IMAGE -MATERIAL- (Game Ver.) (fayew) [Envision],NM,430,,-430
https://osu.ppy.sh/beatmapsets/2264181#fruits/4820086,,UROBOROS - Black Swallowtail (TV Size) (Pepti) [Six Flowers],NM,430,,-430
https://osu.ppy.sh/beatmapsets/1715139#fruits/3563232,,Silentroom - XHRONOXAPSULE (Jemzuu) [INFINITE],NM,430,,-430
https://osu.ppy.sh/beatmapsets/1498429#fruits/3071051,,"Fear, and Loathing in Las Vegas - Just Awake (TV Size) (Secre) [Terpsichora]",NM,430,,-430
https://osu.ppy.sh/beatmapsets/90068#osu/256027,,bibuko - Reizouko Mitara Pudding ga Nai (val0108) [Jumpudding!],NM,430,,-430
https://osu.ppy.sh/beatmapsets/2436628#fruits/5321245,,#N/A,NM,430,,-430
https://osu.ppy.sh/beatmapsets/1464008#fruits/3944948,,zts - miragecoordinator (Deif) [M0RU's Rain],DT,425,,-425
https://osu.ppy.sh/beatmapsets/1482723#fruits/3046611,,katagiri - Urushi (Jemzuu) [Jemzuu & Nelly's Overdose],NM,420,,-420
https://osu.ppy.sh/beatmapsets/1926369#fruits/3990193,,zts - resurrectedreplayer (Kimitakari) [m0ru's rain],DT,420,,-420
https://osu.ppy.sh/beatmapsets/2202946#fruits/4662598,,MYTH & ROID - Paradisus-Paradoxum (Ascendance) [Return by Death],NM,420,,-420
https://osu.ppy.sh/beatmapsets/857537#fruits/1830273,,Kuroneko Dungeon - Ryoushi no Umi no Lindwurm ([_-Kukkai-_]) [Overdose],HR,420,,-420
https://osu.ppy.sh/beatmapsets/497942#fruits/1059894,,mimimemeMIMI - Harebare Fanfare (Luna-) [Bright & Cheerful],NM,420,,-420
https://osu.ppy.sh/beatmapsets/1880072#fruits/3870421,,Kikuo - Yousei no Kiri (Vararaup) [Damnjelly's Magical],NM,420,,-420
https://osu.ppy.sh/beatmapsets/2464479#fruits/5394219,,#N/A,NM,420,,-420
https://osu.ppy.sh/beatmapsets/574232#fruits/1216237,,Halozy - 143 (extended mix) (JBHyperion) [Everlasting Love],NM,418,,-418
https://osu.ppy.sh/beatmapsets/2144555#fruits/4515559,,FELT - New World (-Aku) [Extra Stage],NM,417,,-417
https://osu.ppy.sh/beatmapsets/1774562#fruits/3633674,,kanemiko - Electrolytes (Unlucky_w) [Rain],HR,417,,-417
https://osu.ppy.sh/beatmapsets/1939725#fruits/4444174,,[Kyoro] - Mochio- (Spectator) [Xinnoh's Overdose],NM,415,,-415
https://osu.ppy.sh/beatmapsets/1009824#fruits/2156938,,PSYQUI - Hype feat. Such (lapix Remix) (Ascendance) [Hyperion's Rain],NM,415,,-415
https://osu.ppy.sh/beatmapsets/1072567#fruits/2244836,,TrySail - Utsuroi (Short Ver.) (Greaper) [Magical],NM,415,,-415
https://osu.ppy.sh/beatmapsets/2130671#fruits/4481029,,YOASOBI - Yuusha (TV Size) (Verti) [Fern],HR,415,,-415
https://osu.ppy.sh/beatmapsets/1631702#fruits/3330758,,Morimori Atsushi - Mangetsu no Chikurin (MRM REMIX) (Kukkai) [Moonlight],NM,410,,-410
https://osu.ppy.sh/beatmapsets/1636276#fruits/3342487,,HyuN feat. YURI - Disorder (Verti) [Rustyy's Overdose],NM,410,,-410
https://osu.ppy.sh/beatmapsets/1596950#fruits/3273801,,Scott Brown - Go Berzerk (Luscent) [ddm's Extra],DT,410,,-410
https://osu.ppy.sh/beatmapsets/1861290#fruits/4418972,,Morimori Atsushi - Laevateinn (Verti) [rinkiha's Overdose],NM,405,,-405
https://osu.ppy.sh/beatmapsets/1610127#fruits/3288956,,MIOYAMAZAKI - Noise (TV Size) (zerokt) [Secre's Goodbye],NM,403,,-403
https://osu.ppy.sh/beatmapsets/1368447#fruits/2830820,,Umeboshi Chazuke - Bison Charge (Nelly) [Greaper's Deluge],NM,400,,-400
https://osu.ppy.sh/beatmapsets/2385660#fruits/5168267,,Arash - Temptation (feat. Rebecca) (Nightcore Mix) (Natsuko) [~Aku's Overdose~],NM,400,,-400
https://osu.ppy.sh/beatmapsets/2264181#fruits/4827192,,UROBOROS - Black Swallowtail (TV Size) (Pepti) [Vaqu's Deluge],NM,400,,-400
https://osu.ppy.sh/beatmapsets/1715139#fruits/3534450,,Silentroom - XHRONOXAPSULE (Jemzuu) [LACRIMA'S EXXEED],HT,400,,-400
https://osu.ppy.sh/beatmapsets/757470#fruits/1593485,,Nekomata Master feat.Joelle Strother - Infinity of Our Love (Sinnoh) [Serenity],NM,400,,-400
https://osu.ppy.sh/beatmapsets/2398898#fruits/5199042,,Amatsuki - Universe (Verti) [Starlight's Embrace],NM,400,,-400
https://osu.ppy.sh/beatmapsets/1426534#fruits/2937547,,HO-KAGO TEA TIME - Kira Kira Days (Cut Ver.) (Secre) [Shiawase!!!],NM,400,,-400
https://osu.ppy.sh/beatmapsets/2264181#fruits/4827192,,UROBOROS - Black Swallowtail (TV Size) (Pepti) [Vaqu's Deluge],NM,400,,-400
https://osu.ppy.sh/beatmapsets/2143352#fruits/4516817,,BAND-MAID - Sense (TV Size) (Verti) [Overdose],HR,400,,-400
https://osu.ppy.sh/beatmapsets/1270628#fruits/2640484,,ALiCE'S EMOTiON - Dark Flight Dreamer (Bastian) [Bastian & Vale's Overdose],NM,400,,-400
https://osu.ppy.sh/beatmapsets/2058169#fruits/4301587,,Chatie - At Least (Extended Edit) (50) [Overdose],EZDT,400,,-400
https://osu.ppy.sh/beatmapsets/2058169#fruits/4301587,,Chatie - At Least (Extended Edit) (50) [Overdose],EZDT,400,,-400
https://osu.ppy.sh/beatmapsets/1164077#fruits/2450629,,Nogizaka46 - Yubi Bouenkyou (A r M i N) [Reform's Another],NM,400,,-400
https://osu.ppy.sh/beatmapsets/931452#fruits/1983406,,HAG - Colorful (Sotarks) [Fiery's Extreme],NM,400,,-400
https://osu.ppy.sh/beatmapsets/1293905#fruits/2696377,,UNDEAD CORPORATION - Everything will freeze (NyalettOwO x3) [Rew's Salad],HR,398,,-398
https://osu.ppy.sh/beatmapsets/1293905#fruits/2696377,,UNDEAD CORPORATION - Everything will freeze (NyalettOwO x3) [Rew's Salad],HR,398,,-398
https://osu.ppy.sh/beatmapsets/1293905#fruits/2696377,,UNDEAD CORPORATION - Everything will freeze (NyalettOwO x3) [Rew's Salad],HR,398,,-398
https://osu.ppy.sh/beatmapsets/2000365#fruits/4158941,,Sabaton - Twilight Of The Thunder God (Kimitakari) [Kimitakari & M0RU's Ascension to Valhalla],NM,395,,-395
https://osu.ppy.sh/beatmapsets/2132798#fruits/4487458,,kessoku band - Seishun Complex (TV Size) (yuinn) [Aku's Social Anxiety Overdose],HR,395,,-395
https://osu.ppy.sh/beatmapsets/924882#fruits/2106399,,YUC'e - Future Candy ([_-Kukkai-_]) [Nelly's Overdose],NM,390,,-390
https://osu.ppy.sh/beatmapsets/2023131#fruits/4218074,,#N/A,NM,390,,-390
https://osu.ppy.sh/beatmapsets/2042773#fruits/4262696,,S3RL feat. Sara - Feel The Melody (4rcheR-) [Melody],EZDT,390,,-390
https://osu.ppy.sh/beatmapsets/1939725#fruits/4451967,,[Kyoro] - Mochio- (Spectator) [Mochi's Overdose],NM,386,,-386
https://osu.ppy.sh/beatmapsets/991934#fruits/2658198,,Oomori Seiko - JUSTadICE (TV Size) (Secre) [Black Divider],NM,385,,-385
https://osu.ppy.sh/beatmapsets/1004417#fruits/2416561,,Brian the Sun - Lonely Go! (TV Size) (Secre) [Lonely Me],NM,380,,-380
https://osu.ppy.sh/beatmapsets/873024#fruits/1824907,,Hanatan - Jishou Mushoku (chickenbible) [Smile],NM,380,,-380
https://osu.ppy.sh/beatmapsets/1747268#fruits/3581775,,Luze - IKUSAUTA Orglrya (Allice) [Black Another],EZ,380,,-380
https://osu.ppy.sh/beatmapsets/1747268#fruits/3581775,,Luze - IKUSAUTA Orglrya (Allice) [Black Another],EZ,380,,-380
https://osu.ppy.sh/beatmapsets/606419#osu/1281383,,Mia REGINA - My Sweet Maiden (TV-size) (Mir) [Flezlin's Extra],NM,380,,-380
https://osu.ppy.sh/beatmapsets/1197507#fruits/2494357,,MIMI - Ai no Sukima (Greaper) [Overdose],NM,376,,-376
https://osu.ppy.sh/beatmapsets/1672890#fruits/3417222,,Azuna Riko - keep weaving your spider way (TV Size) (Secre) [Nightmare],NM,375,,-375
https://osu.ppy.sh/beatmapsets/2054394#fruits/4307594,,CustomiZ - COOLEST (TV Size) (Ascendance) [EXGON'S ADVANCED],HR,374,,-374
https://osu.ppy.sh/beatmapsets/1956829#fruits/4105496,,Syalis Hime (CV: Minase Inori) - Kaimin! Anmin! Syalist Seikatsu (My Angel RangE) [Rain],HR,373,,-373
https://osu.ppy.sh/beatmapsets/1956829#fruits/4105496,,Syalis Hime (CV: Minase Inori) - Kaimin! Anmin! Syalist Seikatsu (My Angel RangE) [Rain],HR,373,,-373
https://osu.ppy.sh/beatmapsets/1078698#fruits/2257057,,Kabocha - EmbryO (Ascendance) [HIMIKO'S INFINITE],NM,370,,-370
https://osu.ppy.sh/beatmapsets/1514014#fruits/3099696,,Project Grimoire - Excalibur ~Revived resolution~ (Souvenir) [~Du5t's Overdose~],NM,370,,-370
https://osu.ppy.sh/beatmapsets/1161953#fruits/2424030,,Shiggy Jr. - oyasumi (Secre) [Good Night],NM,370,,-370
https://osu.ppy.sh/beatmapsets/1161953#fruits/2424030,,Shiggy Jr. - oyasumi (Secre) [Good Night],NM,370,,-370
https://osu.ppy.sh/beatmapsets/2005921#fruits/4172054,,WangleLine - Dice (hehe) [Highroll],HR,370,,-370
https://osu.ppy.sh/beatmapsets/1435286#osu/2953859,,SPYAIR - I'M A BELIEVER (TV Size) (Nevo) [browiec's Extra],NM,370,,-370
https://osu.ppy.sh/beatmapsets/1270628#fruits/2652280,,ALiCE'S EMOTiON - Dark Flight Dreamer (Bastian) [Rain],HR,368,,-368
https://osu.ppy.sh/beatmapsets/924882#fruits/2117063,,YUC'e - Future Candy ([_-Kukkai-_]) [Sanyi's Overdose],NM,366,,-366
https://osu.ppy.sh/beatmapsets/660618#fruits/2674410,,Morimori Atsushi - PUPA (Spectator) [Overdose],NM,360,,-360
https://osu.ppy.sh/beatmapsets/153776#fruits/386728,,yuikonnu & ayaponzu* - Super Nuko World (AllStar12) [Guy's Extra],NM,360,,-360
https://osu.ppy.sh/beatmapsets/1884565#fruits/3880197,,aki - Starting Days!! (gazimal) [Insane!!],NM,360,,-360
https://osu.ppy.sh/beatmapsets/1423576#fruits/2941511,,kors k as teranoid - Bad Maniacs (Lacrima) [Black Another],NM,355,,-355
https://osu.ppy.sh/beatmapsets/288268#fruits/772691,,u's - Korekara no Someday (Spectator) [Salad],HR,355,,-355
https://osu.ppy.sh/beatmapsets/114741#fruits/297454,,LeaF - Calamity Fortune (Krah) [Rain],NM,355,,-355
https://osu.ppy.sh/beatmapsets/1799606#fruits/4091142,,hololive IDOL PROJECT - Hyakka Ryouran Hanafubuki (Secre) [Verti's Salad],HR,353,,-353
https://osu.ppy.sh/beatmapsets/1164077#fruits/2436293,,Nogizaka46 - Yubi Bouenkyou (A r M i N) [Kowari's Insane],NM,351,,-351
https://osu.ppy.sh/beatmapsets/2264181#fruits/4834785,,UROBOROS - Black Swallowtail (TV Size) (Pepti) [Zilepti's Deluge],NM,350,,-350
https://osu.ppy.sh/beatmapsets/2036413#fruits/4246862,,Tedjimo yomigY - Kageboushi ~Luciola Cruciata~ (autofanboy) [~The Fallen Souls~],EZ,350,,-350
https://osu.ppy.sh/beatmapsets/1268341#fruits/2635967,,Cascada - What Hurts The Most (Nightcore Mix) (n0ah) [Pain!],NM,350,,-350
https://osu.ppy.sh/beatmapsets/983911#fruits/2118443,,S3RL - Bass Slut (Original Mix) (Fatfan Kolek) [Reform's Filthy Expert],NM,350,,-350
https://osu.ppy.sh/beatmapsets/1516269#fruits/3104122,,yanaginagi - Tokohana (Secre) [Pestilence],NM,347,,-347
https://osu.ppy.sh/beatmapsets/1447060#fruits/2991833,,Denkishiki Karen Ongaku Shuudan - Gareki no Yume (-Luminate) [IDu5t's Overdose],NM,345,,-345
https://osu.ppy.sh/beatmapsets/2111139#fruits/4431748,,TUYU - Shuuten no Saki ga Aru to Suru naraba. (Mochi -) [Rustyy's Overdose],NM,342,,-342
https://osu.ppy.sh/beatmapsets/2257724#fruits/5099645,,Ado - Odo (Deif) [ZiRoX's Platter],DT,340,,-340
https://osu.ppy.sh/beatmapsets/2268624#fruits/4831446,,Jeff Williams feat. Casey Lee Williams - Die (Cut Ver.) (Verti) [Joakh's Overdose],NM,340,,-340
https://osu.ppy.sh/beatmapsets/591442#fruits/1307142,,S3RL feat Harri Rush - Nostalgic (Nightcore Mix) (nold_1702) [yf's Insane],NM,340,,-340
https://osu.ppy.sh/beatmapsets/974743#fruits/2040310,,Raujika - Cry More (Benita) [Platter],HR,338,,-338
https://osu.ppy.sh/beatmapsets/974743#fruits/2040310,,Raujika - Cry More (Benita) [Platter],HR,338,,-338
https://osu.ppy.sh/beatmapsets/1297551#fruits/2692804,,xi - Bad Elixir (Nelly) [Overdose],NM,337,,-337
https://osu.ppy.sh/beatmapsets/2395333#fruits/5188189,,Kano - Dear Brave (Ascendance) [Resolute Love],NM,335,,-335
https://osu.ppy.sh/beatmapsets/963873#fruits/2017981,,Linked Horizon - Shoukei to Shikabane no Michi (TV Size) (Ascendance) [Requiem],NM,332,,-332
https://osu.ppy.sh/beatmapsets/2143352#fruits/4516817,,BAND-MAID - Sense (TV Size) (Verti) [Overdose],HR,330,,-330
https://osu.ppy.sh/beatmapsets/2198800#fruits/4653119,,ARForest - The Last Page (Ascendance) [Final Chapter],NM,330,,-330
https://osu.ppy.sh/beatmapsets/979438#fruits/2054224,,Cranky - EMPEROR (JBHyperion) [PLATTER],EZ,330,,-330
https://osu.ppy.sh/beatmapsets/24887#fruits/84445,,September - Satellites (Louis Cyphre) [Insane],DT,330,,-330
https://osu.ppy.sh/beatmapsets/874835#fruits/1828342,,Okazaki Taiiku - Kimi no Bouken (TV Size) (Kroytz) [Mismagius' Extra],NM,330,,-330
https://osu.ppy.sh/beatmapsets/2095161#fruits/4598997,,seatrus - Scorcher on The Battlefield (Nelly) [Mochi's Overdose],NM,325,,-325
https://osu.ppy.sh/beatmapsets/2130671#fruits/4481029,,YOASOBI - Yuusha (TV Size) (Verti) [Fern],NM,325,,-325
https://osu.ppy.sh/beatmapsets/1779476#fruits/3710668,,URBANGARDE - KIMI WA OKUMAGASO (JBHyperion) [Platter],HR,322,,-322
https://osu.ppy.sh/beatmapsets/1958376#fruits/4063576,,Ashrount - Bleary Vagary (Jemzuu) [fayew's Overdose],NM,320,,-320
https://osu.ppy.sh/beatmapsets/697012#fruits/4557729,,tofubeats - CANDYYYLAND feat. LIZ (Pa's Lam System Remix) (Kukkai) [Overdose],NM,320,,-320
https://osu.ppy.sh/beatmapsets/1072567#fruits/2478856,,TrySail - Utsuroi (Short Ver.) (Greaper) [Secre's Overdose],NM,320,,-320
https://osu.ppy.sh/beatmapsets/1503349#fruits/3081237,,sak + wellow - #curtaincall (Rocma) [#overdose],NM,320,,-320
https://osu.ppy.sh/beatmapsets/727329#fruits/1541641,,TERRASPEX - AMAZING BREAK (Spectator) [OVERDOSE],NM,315,,-315
https://osu.ppy.sh/beatmapsets/2149387#fruits/4532941,,Hello Sleepwalkers - Goya no Machiawase (Verti) [Stray Cat],NM,310,,-310
https://osu.ppy.sh/beatmapsets/335711#fruits/768658,,u's - Korekara no Someday (koreapenguin) [Crystal's Captivation],NM,310,,-310
https://osu.ppy.sh/beatmapsets/1123002#fruits/4436876,,MY FIRST STORY - 2 FACE (Bastian) [Vaqu's Overdose],NM,305,,-305
https://osu.ppy.sh/beatmapsets/1887547#fruits/3886988,,Lie and a Chameleon - mononoke in the fiction (TV Size) (Juansy-) [Azu's Fic/tion],NM,305,,-305
https://osu.ppy.sh/beatmapsets/685428#fruits/1450886,,Zektbach - Turii ~Panta rhei~ (Kyuare) [Turii],NM,300,,-300
https://osu.ppy.sh/beatmapsets/857537#fruits/1830273,,Kuroneko Dungeon - Ryoushi no Umi no Lindwurm ([_-Kukkai-_]) [Overdose],NM,300,,-300
https://osu.ppy.sh/beatmapsets/24895#fruits/84485,,sampling masters MEGA - Chat! Chat! Chat! (Zekira) [ZFN's],DT,300,,-300
https://osu.ppy.sh/beatmapsets/2371021#fruits/5185616,,#N/A,NM,300,,-300
https://osu.ppy.sh/beatmapsets/149570#fruits/369563,,nano - Nevereverland (CLSW) [ExGon's Salad],HR,295,,-295
https://osu.ppy.sh/beatmapsets/1966337#fruits/4114464,,Down - Yamangomcpro6th (zerokt) [Kukkai's Overdose],HR,290,,-290
https://osu.ppy.sh/beatmapsets/1498429#fruits/3136614,,"Fear, and Loathing in Las Vegas - Just Awake (TV Size) (Secre) [Overdose]",NM,290,,-290
https://osu.ppy.sh/beatmapsets/2005921#fruits/4172054,,WangleLine - Dice (hehe) [Highroll],NM,290,,-290
https://osu.ppy.sh/beatmapsets/1426534#fruits/3220234,,HO-KAGO TEA TIME - Kira Kira Days (Cut Ver.) (Secre) [Bastian's Rain],HR,287,,-287
https://osu.ppy.sh/beatmapsets/1939725#fruits/4443426,,[Kyoro] - Mochio- (Spectator) [Rain],HR,286,,-286
https://osu.ppy.sh/beatmapsets/30831#fruits/101597,,Various Artists - AKABEi SOFT2 Nonstop Remix (regenz) [Remix],NM,280,,-280
https://osu.ppy.sh/beatmapsets/801096#fruits/1685051,,SID - V.I.P (Net0) [deetz's Insane],NM,280,,-280
https://osu.ppy.sh/beatmapsets/2143352#fruits/4516817,,BAND-MAID - Sense (TV Size) (Verti) [Overdose],NM,270,,-270
https://osu.ppy.sh/beatmapsets/1724385#fruits/3531190,,Mitsuki - Eeliaas (Deif) [Platter],EZ,270,,-270
https://osu.ppy.sh/beatmapsets/833719#fruits/2170653,,FOLiACETATE - Heterochromia Iridis (Deif) [Rain],NM,260,,-260
https://osu.ppy.sh/beatmapsets/2132798#fruits/4487458,,kessoku band - Seishun Complex (TV Size) (yuinn) [Aku's Social Anxiety Overdose],NM,260,,-260
https://osu.ppy.sh/beatmapsets/1464008#fruits/3028521,,zts - miragecoordinator (Deif) [Mniam's Platter],DT,260,,-260
https://osu.ppy.sh/beatmapsets/830266#fruits/1821817,,Wang Yi Tao - Zi You Sheng Guang (Ryuusei Aika) [Present's Insane],DT,260,,-260
https://osu.ppy.sh/beatmapsets/1270628#fruits/2652280,,ALiCE'S EMOTiON - Dark Flight Dreamer (Bastian) [Rain],NM,255,,-255
https://osu.ppy.sh/beatmapsets/974743#fruits/2414897,,Raujika - Cry More (Benita) [Lacrima's Reminiscence],NM,250,,-250
https://osu.ppy.sh/beatmapsets/1197507#fruits/2585052,,MIMI - Ai no Sukima (Greaper) [Bastian's Rain],NM,250,,-250
https://osu.ppy.sh/beatmapsets/1426534#fruits/3220234,,HO-KAGO TEA TIME - Kira Kira Days (Cut Ver.) (Secre) [Bastian's Rain],NM,250,,-250
https://osu.ppy.sh/beatmapsets/974743#fruits/2040310,,Raujika - Cry More (Benita) [Platter],DT,250,,-250
https://osu.ppy.sh/beatmapsets/704768#fruits/1588726,,Shiena Nishizawa - Meaning (-Sh1n1-) [Hyperion's Rain],NM,240,,-240
https://osu.ppy.sh/beatmapsets/1774562#fruits/3633674,,kanemiko - Electrolytes (Unlucky_w) [Rain],NM,240,,-240
https://osu.ppy.sh/beatmapsets/1334111#fruits/2814444,,Igorrr - Pavor Nocturnus (Spectator) [Secre's Platter],DT,240,,-240
https://osu.ppy.sh/beatmapsets/114741#fruits/296873,,LeaF - Calamity Fortune (Krah) [Platter],HR,230,,-230
https://osu.ppy.sh/beatmapsets/954691#fruits/1993087,,#N/A,DT,230,,-230
https://osu.ppy.sh/beatmapsets/114741#fruits/296873,,LeaF - Calamity Fortune (Krah) [Platter],DT,220,,-220
https://osu.ppy.sh/beatmapsets/757784#fruits/1611235,,Hana - Sakura to Kotori (Silky) [Kalibe's Insane],NM,220,,-220
https://osu.ppy.sh/beatmapsets/1541235#fruits/3180522,,Getty vs. DJ DiA - Grayed Out -Antifront- (Nelly) [Salad],HR,217,,-217
https://osu.ppy.sh/beatmapsets/767346#fruits/1612939,,Thaehan - Bwa ! (Deif) [Salad],HR,215,,-215
https://osu.ppy.sh/beatmapsets/636006#fruits/1458215,,Mameyudoufu - Kemono Friends VS Cerulean BGM Recreation (DeRandom Otaku) [NiNo's Another],NM,215,,-215
https://osu.ppy.sh/beatmapsets/1779476#fruits/3725669,,URBANGARDE - KIMI WA OKUMAGASO (JBHyperion) [Verti's Rain],NM,213,,-213
https://osu.ppy.sh/beatmapsets/1161953#fruits/2424028,,Shiggy Jr. - oyasumi (Secre) [Salad],HRDT,210,,-210
https://osu.ppy.sh/beatmapsets/833719#fruits/2170654,,FOLiACETATE - Heterochromia Iridis (Deif) [Salad],HR,210,,-210
https://osu.ppy.sh/beatmapsets/1596950#fruits/3273801,,Scott Brown - Go Berzerk (Luscent) [ddm's Extra],NM,210,,-210
https://osu.ppy.sh/beatmapsets/1779476#fruits/3725669,,URBANGARDE - KIMI WA OKUMAGASO (JBHyperion) [Verti's Rain],NM,200,,-200
https://osu.ppy.sh/beatmapsets/2058169#fruits/4301587,,Chatie - At Least (Extended Edit) (50) [Overdose],EZ,200,,-200
https://osu.ppy.sh/beatmapsets/2058169#fruits/4301587,,Chatie - At Least (Extended Edit) (50) [Overdose],EZ,200,,-200
https://osu.ppy.sh/beatmapsets/24895#fruits/84485,,sampling masters MEGA - Chat! Chat! Chat! (Zekira) [ZFN's],NM,200,,-200
https://osu.ppy.sh/beatmapsets/24895#fruits/84485,,sampling masters MEGA - Chat! Chat! Chat! (Zekira) [ZFN's],NM,200,,-200
https://osu.ppy.sh/beatmapsets/24895#fruits/84485,,sampling masters MEGA - Chat! Chat! Chat! (Zekira) [ZFN's],NM,200,,-200